Species_ID;;Clade
Akodon_aerosus;'Akodon aerosus FMNH 18180.JPG';Clade B
Akodon_aerosus;'Akodon aerosus FMNH 19265.JPG';Clade B
Akodon_aerosus;'Akodon aerosus FMNH 19266.JPG';Clade B
Akodon_aerosus;'Akodon aerosus FMNH 19268.JPG';Clade B
Akodon_aerosus;'Akodon aerosus FMNH 19757.JPG';Clade B
Akodon_aerosus;'Akodon aerosus FMNH 24502.JPG';Clade B
Akodon_aerosus;'Akodon aerosus FMNH 24506.JPG';Clade B
Akodon_aerosus;'Akodon aerosus FMNH 24510.JPG';Clade B
Akodon_aerosus;'Akodon aerosus FMNH 24536.JPG';Clade B
Akodon_aerosus;'Akodon aerosus FMNH 24538.JPG';Clade B
Akodon_aerosus;'Akodon aerosus FMNH 24540.JPG';Clade B
Akodon_aerosus;'Akodon aerosus FMNH 24542.JPG';Clade B
Akodon_aerosus;'Akodon aerosus FMNH 52494.JPG';Clade B
Akodon_aerosus;'Akodon aerosus FMNH 68614.JPG';Clade B
Akodon_affinis;'Akodon affinis AMNH 32991.JPG';Clade B
Akodon_affinis;'Akodon affinis AMNH 32992.JPG';Clade B
Akodon_affinis;'Akodon affinis AMNH 32994.JPG';Clade B
Akodon_affinis;'Akodon affinis AMNH 33005.JPG';Clade B
Akodon_affinis;'Akodon affinis AMNH 33007.JPG';Clade B
Akodon_affinis;'Akodon affinis AMNH 71208.JPG';Clade B
Akodon_affinis;'Akodon affinis AMNH 71215.JPG';Clade B
Akodon_affinis;'Akodon affinis AMNH 71218.JPG';Clade B
Akodon_affinis;'Akodon affinis AMNH 71226.JPG';Clade B
Akodon_albiventer;'Akodon albiventer FMNH 107470.JPG';Clade B
Akodon_albiventer;'Akodon albiventer FMNH 107475.JPG';Clade B
Akodon_albiventer;'Akodon albiventer FMNH 107478.JPG';Clade B
Akodon_albiventer;'Akodon albiventer FMNH 107479.JPG';Clade B
Akodon_albiventer;'Akodon albiventer FMNH 107492.JPG';Clade B
Akodon_albiventer;'Akodon albiventer FMNH 107568.JPG';Clade B
Akodon_albiventer;'Akodon albiventer FMNH 107579.JPG';Clade B
Akodon_albiventer;'Akodon albiventer FMNH 107580.JPG';Clade B
Akodon_albiventer;'Akodon albiventer FMNH 107591.JPG';Clade B
Akodon_albiventer;'Akodon albiventer FMNH 107592.JPG';Clade B
Akodon_albiventer;'Akodon albiventer FMNH 107600.JPG';Clade B
Akodon_albiventer;'Akodon albiventer FMNH 107634.JPG';Clade B
Akodon_albiventer;'Akodon albiventer FMNH 107661.JPG';Clade B
Akodon_albiventer;'Akodon albiventer FMNH 162685.JPG';Clade B
Akodon_albiventer;'Akodon albiventer FMNH 162707.JPG';Clade B
Akodon_albiventer;'Akodon albiventer FMNH 162725.JPG';Clade B
Akodon_azarae;'Akodon azarae FMNH 23333.JPG';Clade B
Akodon_azarae;'Akodon azarae FMNH 23337.JPG';Clade B
Akodon_azarae;'Akodon azarae FMNH 23338.JPG';Clade B
Akodon_azarae;'Akodon azarae FMNH 23347.JPG';Clade B
Akodon_azarae;'Akodon azarae FMNH 27617.JPG';Clade B
Akodon_azarae;'Akodon azarae FMNH 27619.JPG';Clade B
Akodon_azarae;'Akodon azarae FMNH 27624.JPG';Clade B
Akodon_azarae;'Akodon azarae FMNH 27627.JPG';Clade B
Akodon_azarae;'Akodon azarae FMNH 27632.JPG';Clade B
Akodon_azarae;'Akodon azarae FMNH 27636.JPG';Clade B
Akodon_azarae;'Akodon azarae FMNH 27638.JPG';Clade B
Akodon_azarae;'Akodon azarae FMNH 29189.JPG';Clade B
Akodon_azarae;'Akodon azarae FMNH 29195.JPG';Clade B
Akodon_boliviensis;'Akodon boliviensis FMNH 107829.JPG';Clade B
Akodon_boliviensis;'Akodon boliviensis FMNH 107834.JPG';Clade B
Akodon_boliviensis;'Akodon boliviensis FMNH 107845.JPG';Clade B
Akodon_boliviensis;'Akodon boliviensis FMNH 107848.JPG';Clade B
Akodon_boliviensis;'Akodon boliviensis FMNH 107856.JPG';Clade B
Akodon_boliviensis;'Akodon boliviensis FMNH 107865.JPG';Clade B
Akodon_boliviensis;'Akodon boliviensis FMNH 107868.JPG';Clade B
Akodon_boliviensis;'Akodon boliviensis FMNH 107883.JPG';Clade B
Akodon_boliviensis;'Akodon boliviensis FMNH 107886.JPG';Clade B
Akodon_boliviensis;'Akodon boliviensis FMNH 107940.JPG';Clade B
Akodon_boliviensis;'Akodon boliviensis FMNH 107976.JPG';Clade B
Akodon_boliviensis;'Akodon boliviensis FMNH 162751.JPG';Clade B
Akodon_boliviensis;'Akodon boliviensis FMNH 43375.JPG';Clade B
Akodon_boliviensis;'Akodon boliviensis FMNH 49702.JPG';Clade B
Akodon_boliviensis;'Akodon boliviensis FMNH 52544.JPG';Clade B
Akodon_boliviensis;'Akodon boliviensis FMNH 52549.JPG';Clade B
Akodon_budini;'Akodon budini FMNH 23351.JPG';Clade B
Akodon_budini;'Akodon budini FMNH 23355.JPG';Clade B
Akodon_budini;'Akodon budini FMNH 23356.JPG';Clade B
Akodon_budini;'Akodon budini FMNH 23357.JPG';Clade B
Akodon_budini;'Akodon budini FMNH 23359.JPG';Clade B
Akodon_budini;'Akodon budini FMNH 23360.JPG';Clade B
Akodon_budini;'Akodon budini FMNH 23361.JPG';Clade B
Akodon_budini;'Akodon budini FMNH 23362.JPG';Clade B
Akodon_budini;'Akodon budini FMNH 23363.JPG';Clade B
Akodon_budini;'Akodon budini FMNH 23364.JPG';Clade B
Akodon_budini;'Akodon budini FMNH 23365.JPG';Clade B
Akodon_budini;'Akodon budini FMNH 23369.JPG';Clade B
Akodon_budini;'Akodon budini FMNH 23370.JPG';Clade B
Akodon_budini;'Akodon budini FMNH 23371.JPG';Clade B
Akodon_budini;'Akodon budini USNM 259612.JPG';Clade B
Akodon_cursor;'Akodon cursor FMNH 123063.JPG';Clade B
Akodon_cursor;'Akodon cursor FMNH 141602.JPG';Clade B
Akodon_cursor;'Akodon cursor FMNH 141611.JPG';Clade B
Akodon_cursor;'Akodon cursor FMNH 145329.JPG';Clade B
Akodon_cursor;'Akodon cursor FMNH 145330.JPG';Clade B
Akodon_cursor;'Akodon cursor FMNH 145348.JPG';Clade B
Akodon_cursor;'Akodon cursor FMNH 145361.JPG';Clade B
Akodon_cursor;'Akodon cursor FMNH 145363.JPG';Clade B
Akodon_cursor;'Akodon cursor FMNH 94450.JPG';Clade B
Akodon_cursor;'Akodon cursor FMNH 94453.JPG';Clade B
Akodon_cursor;'Akodon cursor FMNH 94468.JPG';Clade B
Akodon_cursor;'Akodon cursor FMNH 94469.JPG';Clade B
Akodon_cursor;'Akodon cursor FMNH 94471.JPG';Clade B
Akodon_cursor;'Akodon cursor FMNH 94476.JPG';Clade B
Akodon_cursor;'Akodon cursor FMNH 94479.JPG';Clade B
Akodon_cursor;'Akodon cursor FMNH 94485.JPG';Clade B
Akodon_dayi;'Akodon dayi FMNH 140809.JPG';Clade B
Akodon_dayi;'Akodon dayi FMNH 140810.JPG';Clade B
Akodon_dayi;'Akodon dayi FMNH 21575.JPG';Clade B
Akodon_dayi;'Akodon dayi FMNH 21578.JPG';Clade B
Akodon_dayi;'Akodon dayi FMNH 21581.JPG';Clade B
Akodon_dayi;'Akodon dayi FMNH 21588.JPG';Clade B
Akodon_dayi;'Akodon dayi USNM 276609.JPG';Clade B
Akodon_dayi;'Akodon dayi USNM 390141.JPG';Clade B
Akodon_dayi;'Akodon dayi USNM 390699.JPG';Clade B
Akodon_dayi;'Akodon dayi USNM 584503.JPG';Clade B
Akodon_dayi;'Akodon dayi USNM 584504.JPG';Clade B
Akodon_dayi;'Akodon dayi USNM 584505.JPG';Clade B
Akodon_dayi;'Akodon dayi USNM 584506.JPG';Clade B
Akodon_dolores;'Akodon dolores FMNH 35243.JPG';Clade B
Akodon_dolores;'Akodon dolores USNM 364531.JPG';Clade B
Akodon_fumeus;'Akodon fumeus FMNH 46143.JPG';Clade B
Akodon_fumeus;'Akodon fumeus FMNH 74874.JPG';Clade B
Akodon_fumeus;'Akodon fumeus FMNH 74875.JPG';Clade B
Akodon_fumeus;'Akodon fumeus FMNH 74876.JPG';Clade B
Akodon_fumeus;'Akodon fumeus FMNH 74878.JPG';Clade B
Akodon_fumeus;'Akodon fumeus FMNH 74881.JPG';Clade B
Akodon_fumeus;'Akodon fumeus FMNH 74882.JPG';Clade B
Akodon_fumeus;'Akodon fumeus USNM 290907.JPG';Clade B
Akodon_fumeus;'Akodon fumeus USNM 290927.JPG';Clade B
Akodon_iniscatus;'Akodon iniscatus FMNH 29127.JPG';Clade B
Akodon_iniscatus;'Akodon iniscatus FMNH 35248.JPG';Clade B
Akodon_iniscatus;'Akodon iniscatus FMNH 41285.JPG';Clade B
Akodon_iniscatus;'Akodon iniscatus USNM 236314.JPG';Clade B
Akodon_juninensis;'Akodon juninensis AMNH 231329.JPG';Clade B
Akodon_juninensis;'Akodon juninensis AMNH 231334.JPG';Clade B
Akodon_juninensis;'Akodon juninensis AMNH 231337.JPG';Clade B
Akodon_juninensis;'Akodon juninensis AMNH 231338.JPG';Clade B
Akodon_juninensis;'Akodon juninensis AMNH 231340.JPG';Clade B
Akodon_juninensis;'Akodon juninensis FMNH 23671.JPG';Clade B
Akodon_juninensis;'Akodon juninensis FMNH 75561.JPG';Clade B
Akodon_kofordi;'Akodon kofordi FMNH 18181.JPG';Clade B
Akodon_kofordi;'Akodon kofordi FMNH 52554.JPG';Clade B
Akodon_kofordi;'Akodon kofordi FMNH 52555.JPG';Clade B
Akodon_kofordi;'Akodon kofordi FMNH 52556.JPG';Clade B
Akodon_kofordi;'Akodon kofordi FMNH 75483.JPG';Clade B
Akodon_lindberghi;'Akodon lindberghi FMNH 128293.JPG';Clade B
Akodon_lindberghi;'Akodon lindberghi FMNH 128295.JPG';Clade B
Akodon_lindberghi;'Akodon lindberghi FMNH 128297.JPG';Clade B
Akodon_lindberghi;'Akodon lindberghi MN 33682.JPG';Clade B
Akodon_lindberghi;'Akodon lindberghi MN 33683.JPG';Clade B
Akodon_lindberghi;'Akodon lindberghi MN 33703.JPG';Clade B
Akodon_lindberghi;'Akodon lindberghi MN 48026.JPG';Clade B
Akodon_lindberghi;'Akodon lindberghi MN 67123.JPG';Clade B
Akodon_lutescens;'Akodon lutescens FMNH 21559.JPG';Clade B
Akodon_lutescens;'Akodon lutescens FMNH 49696.JPG';Clade B
Akodon_lutescens;'Akodon lutescens FMNH 49697.JPG';Clade B
Akodon_lutescens;'Akodon lutescens FMNH 50975.JPG';Clade B
Akodon_lutescens;'Akodon lutescens FMNH 74884.JPG';Clade B
Akodon_lutescens;'Akodon lutescens FMNH 74886.JPG';Clade B
Akodon_lutescens;'Akodon lutescens FMNH 74887.JPG';Clade B
Akodon_lutescens;'Akodon lutescens FMNH 74890.JPG';Clade B
Akodon_mimus;'Akodon mimus AMNH 264911.JPG';Clade B
Akodon_mimus;'Akodon mimus AMNH 264913.JPG';Clade B
Akodon_mimus;'Akodon mimus AMNH 264914.JPG';Clade B
Akodon_mimus;'Akodon mimus AMNH 264915.JPG';Clade B
Akodon_mimus;'Akodon mimus AMNH 264918.JPG';Clade B
Akodon_mimus;'Akodon mimus AMNH 264919.JPG';Clade B
Akodon_mimus;'Akodon mimus AMNH 264920.JPG';Clade B
Akodon_mimus;'Akodon mimus AMNH 268823.JPG';Clade B
Akodon_mimus;'Akodon mimus AMNH 268826.JPG';Clade B
Akodon_mimus;'Akodon mimus AMNH 268828.JPG';Clade B
Akodon_mimus;'Akodon mimus AMNH 268829.JPG';Clade B
Akodon_mimus;'Akodon mimus AMNH 26883.JPG';Clade B
Akodon_mimus;'Akodon mimus AMNH 268831.JPG';Clade B
Akodon_mimus;'Akodon mimus AMNH 268832.JPG';Clade B
Akodon_mimus;'Akodon mimus AMNH 2754.JPG';Clade B
Akodon_mollis;'Akodon mollis FMNH 129216.JPG';Clade B
Akodon_mollis;'Akodon mollis FMNH 129219.JPG';Clade B
Akodon_mollis;'Akodon mollis FMNH 19285.JPG';Clade B
Akodon_mollis;'Akodon mollis FMNH 19287.JPG';Clade B
Akodon_mollis;'Akodon mollis FMNH 19288.JPG';Clade B
Akodon_mollis;'Akodon mollis FMNH 19318.JPG';Clade B
Akodon_mollis;'Akodon mollis FMNH 20909.JPG';Clade B
Akodon_mollis;'Akodon mollis FMNH 20910.JPG';Clade B
Akodon_mollis;'Akodon mollis FMNH 23660.JPG';Clade B
Akodon_mollis;'Akodon mollis FMNH 23686.JPG';Clade B
Akodon_mollis;'Akodon mollis FMNH 24491.JPG';Clade B
Akodon_mollis;'Akodon mollis FMNH 81348.JPG';Clade B
Akodon_mollis;'Akodon mollis FMNH 81349.JPG';Clade B
Akodon_mollis;'Akodon mollis FMNH 81350.JPG';Clade B
Akodon_mollis;'Akodon mollis FMNH 81351.JPG';Clade B
Akodon_mollis;'Akodon mollis FMNH 81368.JPG';Clade B
Akodon_mollis;'Akodon mollis FMNH 81374.JPG';Clade B
Akodon_mollis;'Akodon mollis FMNH 81375.JPG';Clade B
Akodon_montensis;'Akodon montensis FMNH 18185.JPG';Clade B
Akodon_montensis;'Akodon montensis FMNH 23844.JPG';Clade B
Akodon_montensis;'Akodon montensis FMNH 26817.JPG';Clade B
Akodon_montensis;'Akodon montensis FMNH 26834.JPG';Clade B
Akodon_montensis;'Akodon montensis FMNH 26838.JPG';Clade B
Akodon_montensis;'Akodon montensis FMNH 26845.JPG';Clade B
Akodon_montensis;'Akodon montensis FMNH 26846.JPG';Clade B
Akodon_montensis;'Akodon montensis FMNH 26847.JPG';Clade B
Akodon_montensis;'Akodon montensis FMNH 29437.JPG';Clade B
Akodon_montensis;'Akodon montensis FMNH 47956.JPG';Clade B
Akodon_mystax;'Akodon mystax FMNH 230333.JPG';Clade B
Akodon_mystax;'Akodon mystax FMNH 230335.JPG';Clade B
Akodon_mystax;'Akodon mystax MN 69605.JPG';Clade B
Akodon_mystax;'Akodon mystax MN 69606.JPG';Clade B
Akodon_mystax;'Akodon mystax MN 69609.JPG';Clade B
Akodon_mystax;'Akodon mystax MN 69613.JPG';Clade B
Akodon_mystax;'Akodon mystax MN 69623.JPG';Clade B
Akodon_mystax;'Akodon mystax MN 69627.JPG';Clade B
Akodon_mystax;'Akodon mystax MN 69628.JPG';Clade B
Akodon_mystax;'Akodon mystax MN 69629.JPG';Clade B
Akodon_mystax;'Akodon mystax MN 69644.JPG';Clade B
Akodon_orophilus;'Akodon orophilus FMNH 19719.JPG';Clade B
Akodon_orophilus;'Akodon orophilus FMNH 19721.JPG';Clade B
Akodon_orophilus;'Akodon orophilus FMNH 19722.JPG';Clade B
Akodon_orophilus;'Akodon orophilus FMNH 19725.JPG';Clade B
Akodon_orophilus;'Akodon orophilus FMNH 19733.JPG';Clade B
Akodon_orophilus;'Akodon orophilus FMNH 19738.JPG';Clade B
Akodon_orophilus;'Akodon orophilus FMNH 19739.JPG';Clade B
Akodon_orophilus;'Akodon orophilus FMNH 19740.JPG';Clade B
Akodon_orophilus;'Akodon orophilus FMNH 19741.JPG';Clade B
Akodon_orophilus;'Akodon orophilus FMNH 19742.JPG';Clade B
Akodon_orophilus;'Akodon orophilus FMNH 19743.JPG';Clade B
Akodon_orophilus;'Akodon orophilus FMNH 19744.JPG';Clade B
Akodon_orophilus;'Akodon orophilus FMNH 19745.JPG';Clade B
Akodon_orophilus;'Akodon orophilus FMNH 19746.JPG';Clade B
Akodon_orophilus;'Akodon orophilus FMNH 19754.JPG';Clade B
Akodon_orophilus;'Akodon orophilus FMNH 23657.JPG';Clade B
Akodon_paranaensis;Akodon paranaensis FMNH 232547.JPG';Clade B
Akodon_paranaensis;Akodon paranaensis FMNH 232563.JPG';Clade B
Akodon_paranaensis;Akodon paranaensis FMNH 232572.JPG';Clade B
Akodon_paranaensis;Akodon paranaensis FMNH 232578.JPG';Clade B
Akodon_paranaensis;Akodon paranaensis FMNH 232579.JPG';Clade B
Akodon_paranaensis;Akodon paranaensis FMNH 232624.JPG';Clade B
Akodon_paranaensis;Akodon paranaensis FMNH 232651.JPG';Clade B
Akodon_paranaensis;Akodon paranaensis FMNH 232652.JPG';Clade B
Akodon_paranaensis;Akodon paranaensis MN 48041.JPG';Clade B
Akodon_paranaensis;Akodon paranaensis MN 48067.JPG';Clade B
Akodon_paranaensis;Akodon paranaensis MN 69675.JPG';Clade B
Akodon_paranaensis;Akodon paranaensis MN 69677.JPG';Clade B
Akodon_paranaensis;Akodon paranaensis MN 69679.JPG';Clade B
Akodon_reigi;'Akodon reigi MN 62119.JPG';Clade B
Akodon_reigi;'Akodon reigi MN 62120.JPG';Clade B
Akodon_siberiae;'Akodon siberiae AMNH 260423.JPG';Clade B
Akodon_siberiae;'Akodon siberiae AMNH 260424.JPG';Clade B
Akodon_siberiae;'Akodon siberiae AMNH 260425.JPG';Clade B
Akodon_siberiae;'Akodon siberiae AMNH 260426.JPG';Clade B
Akodon_siberiae;'Akodon siberiae AMNH 260427.JPG';Clade B
Akodon_siberiae;'Akodon siberiae AMNH 260428.JPG';Clade B
Akodon_siberiae;'Akodon siberiae AMNH 260430.JPG';Clade B
Akodon_siberiae;'Akodon siberiae AMNH 260431.JPG';Clade B
Akodon_siberiae;'Akodon siberiae AMNH 260434.JPG';Clade B
Akodon_siberiae;'Akodon siberiae AMNH 260578.JPG';Clade B
Akodon_siberiae;'Akodon siberiae AMNH 260579.JPG';Clade B
Akodon_siberiae;'Akodon siberiae AMNH 260594.JPG';Clade B
Akodon_simulator;'Akodon simulator FMNH 29134.JPG';Clade B
Akodon_simulator;'Akodon simulator FMNH 29137.JPG';Clade B
Akodon_simulator;'Akodon simulator FMNH 30110.JPG';Clade B
Akodon_simulator;'Akodon simulator FMNH 30112.JPG';Clade B
Akodon_simulator;'Akodon simulator FMNH 30117.JPG';Clade B
Akodon_simulator;'Akodon simulator FMNH 30119.JPG';Clade B
Akodon_simulator;'Akodon simulator FMNH 30120.JPG';Clade B
Akodon_simulator;'Akodon simulator FMNH 30131.JPG';Clade B
Akodon_simulator;'Akodon simulator FMNH 35249.JPG';Clade B
Akodon_spegazzinii;'Akodon spegazzinii FMNH 29122.JPG';Clade B
Akodon_spegazzinii;'Akodon spegazzinii FMNH 29123.JPG';Clade B
Akodon_spegazzinii;'Akodon spegazzinii FMNH 30181.JPG';Clade B
Akodon_spegazzinii;'Akodon spegazzinii FMNH 30182.JPG';Clade B
Akodon_spegazzinii;'Akodon spegazzinii FMNH 30184.JPG';Clade B
Akodon_spegazzinii;'Akodon spegazzinii FMNH 30185.JPG';Clade B
Akodon_spegazzinii;'Akodon spegazzinii FMNH 34997.JPG';Clade B
Akodon_spegazzinii;'Akodon spegazzinii USNM 259279.JPG';Clade B
Akodon_spegazzinii;'Akodon spegazzinii USNM 259280.JPG';Clade B
Akodon_spegazzinii;'Akodon spegazzinii USNM 259632.JPG';Clade B
Akodon_spegazzinii;'Akodon spegazzinii USNM 259633.JPG';Clade B
Akodon_subfuscus;'Akodon subfuscus FMNH 107744.JPG';Clade B
Akodon_subfuscus;'Akodon subfuscus FMNH 107750.JPG';Clade B
Akodon_subfuscus;'Akodon subfuscus FMNH 107753.JPG';Clade B
Akodon_subfuscus;'Akodon subfuscus FMNH 107754.JPG';Clade B
Akodon_subfuscus;'Akodon subfuscus FMNH 107760.JPG';Clade B
Akodon_subfuscus;'Akodon subfuscus FMNH 107766.JPG';Clade B
Akodon_subfuscus;'Akodon subfuscus FMNH 107772.JPG';Clade B
Akodon_subfuscus;'Akodon subfuscus FMNH 75524.JPG';Clade B
Akodon_subfuscus;'Akodon subfuscus FMNH 75525.JPG';Clade B
Akodon_subfuscus;'Akodon subfuscus FMNH 75527.JPG';Clade B
Akodon_subfuscus;'Akodon subfuscus FMNH 75529.JPG';Clade B
Akodon_subfuscus;'Akodon subfuscus FMNH 75530.JPG';Clade B
Akodon_subfuscus;'Akodon subfuscus FMNH 75531.JPG';Clade B
Akodon_subfuscus;'Akodon subfuscus FMNH 75532.JPG';Clade B
Akodon_subfuscus;'Akodon subfuscus FMNH 75533.JPG';Clade B
Akodon_subfuscus;'Akodon subfuscus FMNH 75535.JPG';Clade B
Akodon_subfuscus;'Akodon subfuscus FMNH 75550.JPG';Clade B
Akodon_sylvanus;'Akodon sylvanus AMNH 264272.JPG';Clade B
Akodon_toba;'Akodon toba FMNH 157165.JPG';Clade B
Akodon_toba;'Akodon toba FMNH 157179.JPG';Clade B
Akodon_toba;'Akodon toba FMNH 157182.JPG';Clade B
Akodon_toba;'Akodon toba FMNH 157186.JPG';Clade B
Akodon_toba;'Akodon toba FMNH 157187.JPG';Clade B
Akodon_toba;'Akodon toba FMNH 157188.JPG';Clade B
Akodon_toba;'Akodon toba FMNH 157195.JPG';Clade B
Akodon_toba;'Akodon toba FMNH 157209.JPG';Clade B
Akodon_toba;'Akodon toba FMNH 164136.JPG';Clade B
Akodon_toba;'Akodon toba FMNH 164159.JPG';Clade B
Akodon_toba;'Akodon toba FMNH 164168.JPG';Clade B
Akodon_toba;'Akodon toba FMNH 164170.JPG';Clade B
Akodon_toba;'Akodon toba FMNH 164179.JPG';Clade B
Akodon_toba;'Akodon toba FMNH 164182.JPG';Clade B
Akodon_torques;'Akodon torques FMNH 170501.JPG';Clade B
Akodon_torques;'Akodon torques FMNH 170503.JPG';Clade B
Akodon_torques;'Akodon torques FMNH 170506.JPG';Clade B
Akodon_torques;'Akodon torques FMNH 170508.JPG';Clade B
Akodon_torques;'Akodon torques FMNH 170509.JPG';Clade B
Akodon_torques;'Akodon torques FMNH 170510.JPG';Clade B
Akodon_torques;'Akodon torques FMNH 170511.JPG';Clade B
Akodon_torques;'Akodon torques FMNH 170517.JPG';Clade B
Akodon_torques;'Akodon torques FMNH 170519.JPG';Clade B
Akodon_torques;'Akodon torques FMNH 172221.JPG';Clade B
Akodon_torques;'Akodon torques FMNH 172225.JPG';Clade B
Akodon_torques;'Akodon torques FMNH 172227.JPG';Clade B
Akodon_torques;'Akodon torques FMNH 43366.JPG';Clade B
Akodon_torques;'Akodon torques FMNH 43367.JPG';Clade B
Akodon_torques;'Akodon torques FMNH 43368.JPG';Clade B
Akodon_varius;'Akodon varius AMNH 38667.JPG';Clade B
Akodon_varius;'Akodon varius AMNH 38670.JPG';Clade B
Akodon_varius;'Akodon varius AMNH 38674.JPG';Clade B
Akodon_varius;'Akodon varius AMNH 38675.JPG';Clade B
Akodon_varius;'Akodon varius FMNH 50160.JPG';Clade B
Akodon_varius;'Akodon varius FMNH 50978.JPG';Clade B
Akodon_varius;'Akodon varius FMNH 50980.JPG';Clade B
Bibimys_chacoensis;'Bibimys chacoensis USNM 236239.JPG';Clade A
Bibimys_labiosus;'Bibimys labiosus MCNM 2198.JPG';Clade A
Bibimys_labiosus;'Bibimys labiosus MCNM 2827.JPG';Clade A
Bibimys_labiosus;'Bibimys labiosus MCNM 2829.JPG';Clade A
Bibimys_labiosus;'Bibimys labiosus MCNM 2833.JPG';Clade A
Bibimys_labiosus;'Bibimys labiosus MCNM 2838.JPG';Clade A
Bibimys_labiosus;'Bibimys labiosus MCNM 2839.JPG';Clade A
Bibimys_labiosus;'Bibimys labiosus MZUFV 753.JPG';Clade A
Bibimys_labiosus;'Bibimys labiosus PRG 1034.JPG';Clade A
Bibimys_labiosus;'Bibimys labiosus PRG 210.JPG';Clade A
Blarinomys_breviceps;'Blarinomys breviceps MCNM 1377.JPG';Clade A
Blarinomys_breviceps;'Blarinomys breviceps MCNM 1472.JPG';Clade A
Blarinomys_breviceps;'Blarinomys breviceps MCNM 2534.JPG';Clade A
Blarinomys_breviceps;'Blarinomys breviceps MCNM 2983.JPG';Clade A
Blarinomys_breviceps;'Blarinomys breviceps MN 29457.JPG';Clade A
Blarinomys_breviceps;'Blarinomys breviceps MN 70223.JPG';Clade A
Blarinomys_breviceps;'Blarinomys breviceps MN 70224.JPG';Clade A
Blarinomys_breviceps;'Blarinomys breviceps MN 70225.JPG';Clade A
Blarinomys_breviceps;'Blarinomys breviceps MN 77786.JPG';Clade A
Brucepattersonius_soricinus;'Brucepattersonius soricinus FMNH 230356.JPG';Clade A
Brucepattersonius_soricinus;'Brucepattersonius soricinus FMNH 94499.JPG';Clade A
Brucepattersonius_soricinus;'Brucepattersonius soricinus type FMNH 94480.JPG';Clade A
Castoria_angustidens;'Castoria angustidens FMNH 230337.JPG';Clade B
Castoria_angustidens;'Castoria angustidens FMNH 230338.JPG';Clade B
Castoria_angustidens;'Castoria angustidens FMNH 230340.JPG';Clade B
Castoria_angustidens;'Castoria angustidens FMNH 230342.JPG';Clade B
Castoria_angustidens;'Castoria angustidens FMNH 230345.JPG';Clade B
Castoria_angustidens;'Castoria angustidens FMNH 230346.JPG';Clade B
Castoria_angustidens;'Castoria angustidens FMNH 230348.JPG';Clade B
Castoria_angustidens;'Castoria angustidens FMNH 230349.JPG';Clade B
Castoria_angustidens;'Castoria angustidens FMNH 230350.JPG';Clade B
Castoria_angustidens;'Castoria angustidens FMNH 230351.JPG';Clade B
Castoria_angustidens;'Castoria angustidens FMNH 230352.JPG';Clade B
Castoria_angustidens;'Castoria angustidens FMNH 230353.JPG';Clade B
Deltamys_kempi;'Deltamys kempi AMNH 206115.JPG';Clade B
Deltamys_kempi;'Deltamys kempi AMNH 206121.JPG';Clade B
Deltamys_kempi;'Deltamys kempi AMNH 206139.JPG';Clade B
Deltamys_kempi;'Deltamys kempi AMNH 206140.JPG';Clade B
Deltamys_kempi;'Deltamys kempi AMNH 206142.JPG';Clade B
Deltamys_kempi;'Deltamys kempi AMNH 206158.JPG';Clade B
Deltamys_kempi;'Deltamys kempi AMNH 206159.JPG';Clade B
Deltamys_kempi;'Deltamys kempi AMNH 206161.JPG';Clade B
Deltamys_kempi;'Deltamys kempi AMNH 206164.JPG';Clade B
Deltamys_kempi;'Deltamys kempi AMNH 206165.JPG';Clade B
Deltamys_kempi;'Deltamys kempi MN 42090.JPG';Clade B
Deltamys_kempi;'Deltamys kempi MN 42091.JPG';Clade B
Deltamys_kempi;'Deltamys kempi MN 42098.JPG';Clade B
Deltamys_kempi;'Deltamys kempi MN 42100.JPG';Clade B
Juscelinomys_huanchacae;'Juscelinomys huanchacae USNM 584508.JPG';Clade B
Juscelinomys_huanchacae;'Juscelinomys huanchacae USNM 584509.JPG';Clade B
Juscelinomys_huanchacae;'Juscelinomys huanchacae USNM 584510.JPG';Clade B
Juscelinomys_huanchacae;'Juscelinomys huanchacae USNM 584511.JPG';Clade B
Juscelinomys_huanchacae;'Juscelinomys huanchacae USNM 584512.JPG';Clade B
Juscelinomys_huanchacae;'Juscelinomys huanchacae USNM 584513.JPG';Clade B
Juscelinomys_huanchacae;'Juscelinomys huanchacae USNM 584514.JPG';Clade B
Kunsia_tomentosus;'Kunsia tomentosus FMNH 122710.JPG';Clade A
Kunsia_tomentosus;'Kunsia tomentosus FMNH 122711.JPG';Clade A
Kunsia_tomentosus;'Kunsia tomentosus MN 316.JPG';Clade A
Kunsia_tomentosus;'Kunsia tomentosus MN 53969.JPG';Clade A
Kunsia_tomentosus;'Kunsia tomentosus MN 62567.JPG';Clade A
Kunsia_tomentosus;'Kunsia tomentosus MN 62569.JPG';Clade A
Kunsia_tomentosus;'Kunsia tomentosus USNM 584516.JPG';Clade A
Lenoxus_apicalis;'Lenoxus apicalis AMNH 16064.JPG';Clade A
Lenoxus_apicalis;'Lenoxus apicalis AMNH 16065.JPG';Clade A
Lenoxus_apicalis;'Lenoxus apicalis AMNH 16553.JPG';Clade A
Lenoxus_apicalis;'Lenoxus apicalis AMNH 16555.JPG';Clade A
Lenoxus_apicalis;'Lenoxus apicalis AMNH 16556.JPG';Clade A
Lenoxus_apicalis;'Lenoxus apicalis AMNH 16557.JPG';Clade A
Lenoxus_apicalis;'Lenoxus apicalis AMNH 16558.JPG';Clade A
Lenoxus_apicalis;'Lenoxus apicalis AMNH 16559.JPG';Clade A
Lenoxus_apicalis;'Lenoxus apicalis AMNH 264854.JPG';Clade A
Lenoxus_apicalis;'Lenoxus apicalis AMNH 264855.JPG';Clade A
Lenoxus_apicalis;'Lenoxus apicalis AMNH 264856.JPG';Clade A
Lenoxus_apicalis;'Lenoxus apicalis AMNH 264857.JPG';Clade A
Lenoxus_apicalis;'Lenoxus apicalis AMNH 72607.JPG';Clade A
Lenoxus_apicalis;'Lenoxus apicalis AMNH 72609.JPG';Clade A
Lenoxus_apicalis;'Lenoxus apicalis AMNH 72610.JPG';Clade A
Lenoxus_apicalis;'Lenoxus apicalis AMNH 72618.JPG';Clade A
Lenoxus_apicalis;'Lenoxus apicalis FMNH 52612.JPG';Clade A
Lenoxus_apicalis;'Lenoxus apicalis FMNH 52613.JPG';Clade A
Necromys_amoenus;'Necromys amoenus FMNH 107665.JPG';Clade B
Necromys_amoenus;'Necromys amoenus FMNH 107680.JPG';Clade B
Necromys_amoenus;'Necromys amoenus FMNH 107699.JPG';Clade B
Necromys_amoenus;'Necromys amoenus FMNH 107702.JPG';Clade B
Necromys_amoenus;'Necromys amoenus FMNH 107728.JPG';Clade B
Necromys_amoenus;'Necromys amoenus FMNH 107838.JPG';Clade B
Necromys_amoenus;'Necromys amoenus FMNH 107862.JPG';Clade B
Necromys_amoenus;'Necromys amoenus FMNH 107864.JPG';Clade B
Necromys_amoenus;'Necromys amoenus FMNH 107875.JPG';Clade B
Necromys_amoenus;'Necromys amoenus FMNH 49671.JPG';Clade B
Necromys_amoenus;'Necromys amoenus FMNH 49672.JPG';Clade B
Necromys_amoenus;'Necromys amoenus FMNH 49676.JPG';Clade B
Necromys_lactens;'Necromys lactens FMNH 162771.JPG';Clade B
Necromys_lactens;'Necromys lactens FMNH 23366.JPG';Clade B
Necromys_lasiurus;'Necromys lasiurus FMNH 117120.JPG';Clade B
Necromys_lasiurus;'Necromys lasiurus FMNH 117122.JPG';Clade B
Necromys_lasiurus;'Necromys lasiurus FMNH 117124.JPG';Clade B
Necromys_lasiurus;'Necromys lasiurus FMNH 128331.JPG';Clade B
Necromys_lasiurus;'Necromys lasiurus FMNH 128335.JPG';Clade B
Necromys_lasiurus;'Necromys lasiurus FMNH 128337.JPG';Clade B
Necromys_lasiurus;'Necromys lasiurus FMNH 164214.JPG';Clade B
Necromys_lasiurus;'Necromys lasiurus FMNH 164235.JPG';Clade B
Necromys_lasiurus;'Necromys lasiurus FMNH 25196.JPG';Clade B
Necromys_lasiurus;'Necromys lasiurus FMNH 25197.JPG';Clade B
Necromys_lasiurus;'Necromys lasiurus FMNH 25198.JPG';Clade B
Necromys_lasiurus;'Necromys lasiurus FMNH 25200.JPG';Clade B
Necromys_lasiurus;'Necromys lasiurus FMNH 25201.JPG';Clade B
Necromys_lasiurus;'Necromys lasiurus FMNH 96114.JPG';Clade B
Necromys_lasiurus;'Necromys lasiurus FMNH 96115.JPG';Clade B
Necromys_lenguarum;'Necromys lenguarum FMNH 164229.JPG';Clade B
Necromys_lenguarum;'Necromys lenguarum FMNH 164324.JPG';Clade B
Necromys_lenguarum;'Necromys lenguarum FMNH 164325.JPG';Clade B
Necromys_lenguarum;'Necromys lenguarum FMNH 164352.JPG';Clade B
Necromys_lenguarum;'Necromys lenguarum FMNH 164378.JPG';Clade B
Necromys_lenguarum;'Necromys lenguarum FMNH 164385.JPG';Clade B
Necromys_lenguarum;'Necromys lenguarum FMNH 164392.JPG';Clade B
Necromys_lenguarum;'Necromys lenguarum FMNH 164403.JPG';Clade B
Necromys_lenguarum;'Necromys lenguarum FMNH 164421.JPG';Clade B
Necromys_lenguarum;'Necromys lenguarum FMNH 164441.JPG';Clade B
Necromys_lenguarum;'Necromys lenguarum USNM 584525.JPG';Clade B
Necromys_lenguarum;'Necromys lenguarum USNM 584531.JPG';Clade B
Necromys_lenguarum;'Necromys lenguarum USNM 584538.JPG';Clade B
Necromys_lenguarum;'Necromys lenguarum USNM 584541.JPG';Clade B
Necromys_obscurus;'Necromys obscurus FMNH 122687.JPG';Clade B
Necromys_obscurus;'Necromys obscurus FMNH 35357.JPG';Clade B
Necromys_urichi;'Necromys urichi USNM 317731.JPG';Clade B
Necromys_urichi;'Necromys urichi USNM 317742.JPG';Clade B
Necromys_urichi;'Necromys urichi USNM 317743.JPG';Clade B
Necromys_urichi;'Necromys urichi USNM 317744.JPG';Clade B
Necromys_urichi;'Necromys urichi USNM 371199.JPG';Clade B
Necromys_urichi;'Necromys urichi USNM 371206.JPG';Clade B
Necromys_urichi;'Necromys urichi USNM 387978.JPG';Clade B
Necromys_urichi;'Necromys urichi USNM 406117.JPG';Clade B
Necromys_urichi;'Necromys urichi USNM 406122.JPG';Clade B
Necromys_urichi;'Necromys urichi USNM 409941.JPG';Clade B
Necromys_urichi;'Necromys urichi USNM 409946.JPG';Clade B
Necromys_urichi;'Necromys urichi USNM 409947.JPG';Clade B
Necromys_urichi;'Necromys urichi USNM 540711.JPG';Clade B
Necromys_urichi;'Necromys urichi USNM 560659.JPG';Clade B
Oxymycterus_amazonicus;'Oxymycterus amazonicus USNM 519783.JPG';Clade B
Oxymycterus_amazonicus;'Oxymycterus amazonicus USNM 519784.JPG';Clade B
Oxymycterus_amazonicus;'Oxymycterus amazonicus USNM 519785.JPG';Clade B
Oxymycterus_amazonicus;'Oxymycterus amazonicus USNM 519786.JPG';Clade B
Oxymycterus_amazonicus;'Oxymycterus amazonicus USNM 519787.JPG';Clade B
Oxymycterus_amazonicus;'Oxymycterus amazonicus USNM 521481.JPG';Clade B
Oxymycterus_amazonicus;'Oxymycterus amazonicus USNM 521482.JPG';Clade B
Oxymycterus_amazonicus;'Oxymycterus amazonicus USNM 521485.JPG';Clade B
Oxymycterus_amazonicus;'Oxymycterus amazonicus USNM 521486.JPG';Clade B
Oxymycterus_amazonicus;'Oxymycterus amazonicus USNM 521487.JPG';Clade B
Oxymycterus_amazonicus;'Oxymycterus amazonicus USNM 521489.JPG';Clade B
Oxymycterus_amazonicus;'Oxymycterus amazonicus USNM 521494.JPG';Clade B
Oxymycterus_amazonicus;'Oxymycterus amazonicus USNM 544637.JPG';Clade B
Oxymycterus_amazonicus;'Oxymycterus amazonicus USNM 546017.JPG';Clade B
Oxymycterus_amazonicus;'Oxymycterus amazonicus USNM 546023.JPG';Clade B
Oxymycterus_amazonicus;'Oxymycterus amazonicus USNM 546028.JPG';Clade B
Oxymycterus_amazonicus;'Oxymycterus amazonicus USNM 546031.JPG';Clade B
Oxymycterus_dasytrichus;'Oxymycterus dasytrichus FMNH 145437.JPG';Clade B
Oxymycterus_dasytrichus;'Oxymycterus dasytrichus FMNH 145438.JPG';Clade B
Oxymycterus_dasytrichus;'Oxymycterus dasytrichus FMNH 145441.JPG';Clade B
Oxymycterus_dasytrichus;'Oxymycterus dasytrichus FMNH 145443.JPG';Clade B
Oxymycterus_dasytrichus;'Oxymycterus dasytrichus FMNH 53874.JPG';Clade B
Oxymycterus_dasytrichus;'Oxymycterus dasytrichus FMNH 53875.JPG';Clade B
Oxymycterus_dasytrichus;'Oxymycterus dasytrichus FMNH 94525.JPG';Clade B
Oxymycterus_dasytrichus;'Oxymycterus dasytrichus FMNH 94526.JPG';Clade B
Oxymycterus_dasytrichus;'Oxymycterus dasytrichus FMNH 94529.JPG';Clade B
Oxymycterus_dasytrichus;'Oxymycterus dasytrichus MCNM 1300.JPG';Clade B
Oxymycterus_dasytrichus;'Oxymycterus dasytrichus MCNM 1477.JPG';Clade B
Oxymycterus_dasytrichus;'Oxymycterus dasytrichus MCNM 3072.JPG';Clade B
Oxymycterus_dasytrichus;'Oxymycterus dasytrichus MCNM 3158.JPG';Clade B
Oxymycterus_dasytrichus;'Oxymycterus dasytrichus USNM 545060.JPG';Clade B
Oxymycterus_delator;'Oxymycterus delator FMNH 128320.JPG';Clade B
Oxymycterus_delator;'Oxymycterus delator FMNH 128321.JPG';Clade B
Oxymycterus_delator;'Oxymycterus delator FMNH 128322.JPG';Clade B
Oxymycterus_delator;'Oxymycterus delator FMNH 128323.JPG';Clade B
Oxymycterus_delator;'Oxymycterus delator FMNH 128324.JPG';Clade B
Oxymycterus_delator;'Oxymycterus delator MCNM 2482.JPG';Clade B
Oxymycterus_delator;'Oxymycterus delator MCNM 3073.JPG';Clade B
Oxymycterus_delator;'Oxymycterus delator MCNM 3076.JPG';Clade B
Oxymycterus_delator;'Oxymycterus delator MCNM 3126.JPG';Clade B
Oxymycterus_delator;'Oxymycterus delator MCNM 3259.JPG';Clade B
Oxymycterus_delator;'Oxymycterus delator MCNM 3260.JPG';Clade B
Oxymycterus_delator;'Oxymycterus delator MCNM 3333.JPG';Clade B
Oxymycterus_delator;'Oxymycterus delator MCNM 3512.JPG';Clade B
Oxymycterus_hiska;'Oxymycterus hiska AMNH 91601.JPG';Clade B
Oxymycterus_hiska;'Oxymycterus hiska AMNH 91602.JPG';Clade B
Oxymycterus_hiska;Oxymycterus nasutus CAZ 100.JPG';Clade B
Oxymycterus_hiska;Oxymycterus nasutus CAZ 108.JPG';Clade B
Oxymycterus_hiska;Oxymycterus nasutus CAZ 118.JPG';Clade B
Oxymycterus_hiska;Oxymycterus nasutus CAZ 122.JPG';Clade B
Oxymycterus_hiska;Oxymycterus nasutus CAZ 125.JPG';Clade B
Oxymycterus_nasutus;Oxymycterus nasutus CAZ 129.JPG';Clade B
Oxymycterus_nasutus;Oxymycterus nasutus CAZ 133.JPG';Clade B
Oxymycterus_nasutus;Oxymycterus nasutus CAZ 138.JPG';Clade B
Oxymycterus_nasutus;Oxymycterus nasutus CAZ 63.JPG';Clade B
Oxymycterus_nasutus;Oxymycterus nasutus FMNH 27652.JPG';Clade B
Oxymycterus_nasutus;Oxymycterus nasutus FMNH 29253.JPG';Clade B
Oxymycterus_nasutus;Oxymycterus nasutus MN 42435.JPG';Clade B
Oxymycterus_nasutus;Oxymycterus nasutus MN 42436.JPG';Clade B
Oxymycterus_paramensis;'Oxymycterus paramensis FMNH 162839.JPG';Clade B
Oxymycterus_paramensis;'Oxymycterus paramensis FMNH 162841.JPG';Clade B
Oxymycterus_paramensis;'Oxymycterus paramensis FMNH 162851.JPG';Clade B
Oxymycterus_paramensis;'Oxymycterus paramensis FMNH 22234.JPG';Clade B
Oxymycterus_paramensis;'Oxymycterus paramensis FMNH 23316.JPG';Clade B
Oxymycterus_paramensis;'Oxymycterus paramensis FMNH 23319.JPG';Clade B
Oxymycterus_paramensis;'Oxymycterus paramensis FMNH 23320.JPG';Clade B
Oxymycterus_paramensis;'Oxymycterus paramensis FMNH 23322.JPG';Clade B
Oxymycterus_paramensis;'Oxymycterus paramensis FMNH 23324.JPG';Clade B
Oxymycterus_paramensis;'Oxymycterus paramensis FMNH 23325.JPG';Clade B
Oxymycterus_paramensis;'Oxymycterus paramensis FMNH 50985.JPG';Clade B
Oxymycterus_paramensis;'Oxymycterus paramensis FMNH 50986.JPG';Clade B
Oxymycterus_paramensis;'Oxymycterus paramensis FMNH 74894.JPG';Clade B
Oxymycterus_paramensis;'Oxymycterus paramensis FMNH 74898.JPG';Clade B
Oxymycterus_paramensis;'Oxymycterus paramensis FMNH 74900.JPG';Clade B
Oxymycterus_quaestor;'Oxymycterus quaestor FMNH 23843.JPG';Clade B
Oxymycterus_quaestor;'Oxymycterus quaestor FMNH 26586.JPG';Clade B
Oxymycterus_quaestor;'Oxymycterus quaestor FMNH 26595.JPG';Clade B
Oxymycterus_quaestor;'Oxymycterus quaestor FMNH 26754.JPG';Clade B
Oxymycterus_quaestor;'Oxymycterus quaestor FMNH 26756.JPG';Clade B
Oxymycterus_quaestor;'Oxymycterus quaestor FMNH 26757.JPG';Clade B
Oxymycterus_quaestor;'Oxymycterus quaestor FMNH 34377.JPG';Clade B
Oxymycterus_quaestor;'Oxymycterus quaestor FMNH 34380.JPG';Clade B
Oxymycterus_quaestor;'Oxymycterus quaestor USNM 259577.JPG';Clade B
Oxymycterus_quaestor;'Oxymycterus quaestor USNM 462123.JPG';Clade B
Oxymycterus_quaestor;'Oxymycterus quaestor USNM 484400.JPG';Clade B
Oxymycterus_quaestor;'Oxymycterus quaestor USNM 484404.JPG';Clade B
Oxymycterus_rufus;'Oxymycterus rufus FMNH 122696.JPG';Clade B
Oxymycterus_rufus;'Oxymycterus rufus FMNH 122697.JPG';Clade B
Oxymycterus_quaestor;'Oxymycterus quaestor FMNH 136927.JPG';Clade B
Oxymycterus_rufus;'Oxymycterus rufus FMNH 136929.JPG';Clade B
Oxymycterus_rufus;'Oxymycterus rufus USNM 236328.JPG';Clade B
Oxymycterus_rufus;'Oxymycterus rufus USNM 309164.JPG';Clade B
Podoxymys_roraimae;'Podoxymys roraimae AMNH 75584.JPG';Clade B
Podoxymys_roraimae;'Podoxymys roraimae AMNH 75585.JPG';Clade B
Podoxymys_roraimae;'Podoxymys roraimae AMNH 75586.JPG';Clade B
Scapteromys_aquaticus;'Scapteromys aquaticus FMNH 29160.JPG';Clade A
Scapteromys_aquaticus;'Scapteromys aquaticus FMNH 98286.JPG';Clade A
Scapteromys_aquaticus;'Scapteromys aquaticus FMNH 98287.JPG';Clade A
Scapteromys_aquaticus;'Scapteromys aquaticus FMNH 98289.JPG';Clade A
Scapteromys_tumidus;'Scapteromys tumidus AMNH 206220.JPG';Clade A
Scapteromys_tumidus;'Scapteromys tumidus AMNH 206221.JPG';Clade A
Scapteromys_tumidus;'Scapteromys tumidus AMNH 206222.JPG';Clade A
Scapteromys_tumidus;'Scapteromys tumidus AMNH 206230.JPG';Clade A
Scapteromys_tumidus;'Scapteromys tumidus AMNH 206231.JPG';Clade A
Scapteromys_tumidus;'Scapteromys tumidus AMNH 206240.JPG';Clade A
Scapteromys_tumidus;'Scapteromys tumidus AMNH 206247.JPG';Clade A
Scapteromys_tumidus;'Scapteromys tumidus AMNH 206261.JPG';Clade A
Scapteromys_tumidus;'Scapteromys tumidus AMNH 206267.JPG';Clade A
Scapteromys_tumidus;'Scapteromys tumidus AMNH 206278.JPG';Clade A
Scapteromys_tumidus;'Scapteromys tumidus AMNH 206280.JPG';Clade A
Scapteromys_tumidus;'Scapteromys tumidus AMNH 235431.JPG';Clade A
Scapteromys_tumidus;'Scapteromys tumidus AMNH 235432.JPG';Clade A
Scapteromys_tumidus;'Scapteromys tumidus AMNH 235433.JPG';Clade A
Thalpomys_cerradensis;'Thalpomys cerradensis FMNH 128328.JPG';Clade B
Thalpomys_lasiotis;'Thalpomys lasiotis FMNH 128326.JPG';Clade B
Thalpomys_lasiotis;'Thalpomys lasiotis FMNH 128327.JPG';Clade B
Thalpomys_lasiotis;'Thalpomys lasiotis MN 60199.JPG';Clade B
Thalpomys_lasiotis;'Thalpomys lasiotis MN 60200.JPG';Clade B
Thalpomys_lasiotis;'Thalpomys lasiotis MN 60201.JPG';Clade B
Thalpomys_lasiotis;'Thalpomys lasiotis MN 61652.JPG';Clade B
Thalpomys_lasiotis;'Thalpomys lasiotis MN 61653.JPG';Clade B
Thalpomys_lasiotis;'Thalpomys lasiotis MN 62654.JPG';Clade B
Thalpomys_lasiotis;'Thalpomys lasiotis MN 62655.JPG';Clade B
Thalpomys_lasiotis;'Thalpomys lasiotis MN 62656.JPG';Clade B
Thalpomys_lasiotis;'Thalpomys lasiotis MN 62657.JPG';Clade B
Thalpomys_lasiotis;'Thalpomys lasiotis MN 62658.JPG';Clade B
Thalpomys_lasiotis;'Thalpomys lasiotis MN 62659.JPG';Clade B
Thalpomys_lasiotis;'Thalpomys lasiotis MN 75104.JPG';Clade B
Thalpomys_lasiotis;'Thalpomys lasiotis MN 75105.JPG';Clade B
Thaptomys_nigrita;'Thaptomys nigrita FMNH 230387.JPG';Clade B
Thaptomys_nigrita;'Thaptomys nigrita FMNH 230389.JPG';Clade B
Thaptomys_nigrita;'Thaptomys nigrita FMNH 230390.JPG';Clade B
Thaptomys_nigrita;'Thaptomys nigrita USNM 460539.JPG';Clade B
Thaptomys_nigrita;'Thaptomys nigrita USNM 460541.JPG';Clade B
Thaptomys_nigrita;'Thaptomys nigrita USNM 484233.JPG';Clade B
Thaptomys_nigrita;'Thaptomys nigrita USNM 484234.JPG';Clade B
Thaptomys_nigrita;'Thaptomys nigrita USNM 484236.JPG';Clade B
Thaptomys_nigrita;'Thaptomys nigrita USNM 484237.JPG';Clade B
Thaptomys_nigrita;'Thaptomys nigrita USNM 484241.JPG';Clade B
Thaptomys_nigrita;'Thaptomys nigrita USNM 484243.JPG';Clade B
Thaptomys_nigrita;'Thaptomys nigrita USNM 484244.JPG';Clade B
