Species_ID,
Akodon_aerosus,'Akodon aerosus FMNH 170360.JPG'
Akodon_aerosus,'Akodon aerosus FMNH 170362.JPG'
Akodon_aerosus,'Akodon aerosus FMNH 170379.JPG'
Akodon_aerosus,'Akodon aerosus FMNH 170380.JPG'
Akodon_aerosus,'Akodon aerosus FMNH 170388.JPG'
Akodon_aerosus,'Akodon aerosus FMNH 170396.JPG'
Akodon_aerosus,'Akodon aerosus FMNH 170397.JPG'
Akodon_aerosus,'Akodon aerosus FMNH 170399.JPG'
Akodon_aerosus,'Akodon aerosus FMNH 170400.JPG'
Akodon_aerosus,'Akodon aerosus FMNH 170415.JPG'
Akodon_aerosus,'Akodon aerosus FMNH 170416.JPG'
Akodon_aerosus,'Akodon aerosus FMNH 170420.JPG'
Akodon_aerosus,'Akodon aerosus FMNH 170423.JPG'
Akodon_aerosus,'Akodon aerosus FMNH 170428.JPG'
Akodon_aerosus,'Akodon aerosus FMNH 170429.JPG'
Akodon_aerosus,'Akodon aerosus FMNH 172190.JPG'
Akodon_aerosus,'Akodon aerosus FMNH 172192.JPG'
Akodon_aerosus,'Akodon aerosus FMNH 172195.JPG'
Akodon_aerosus,'Akodon aerosus FMNH 78709.JPG'
Akodon_affinis,'Akodon affinis AMNH 32991.JPG'
Akodon_affinis,'Akodon affinis AMNH 32992.JPG'
Akodon_affinis,'Akodon affinis AMNH 32994.JPG'
Akodon_affinis,'Akodon affinis AMNH 33005.JPG'
Akodon_affinis,'Akodon affinis AMNH 71217.JPG'
Akodon_affinis,'Akodon affinis AMNH 71218.JPG'
Akodon_affinis,'Akodon affinis AMNH 71222.JPG'
Akodon_affinis,'Akodon affinis AMNH 71223.JPG'
Akodon_affinis,'Akodon affinis AMNH 71226.JPG'
Akodon_affinis,'Akodon affinis AMNH 71227.JPG'
Akodon_affinis,'Akodon affinis AMNH 71230.JPG'
Akodon_affinis,'Akodon affinis AMNH 181479.JPG'
Akodon_albiventer,'Akodon albiventer FMNH 107475.JPG'
Akodon_albiventer,'Akodon albiventer FMNH 107479.JPG'
Akodon_albiventer,'Akodon albiventer FMNH 107491.JPG'
Akodon_albiventer,'Akodon albiventer FMNH 107497.JPG'
Akodon_albiventer,'Akodon albiventer FMNH 107539.JPG'
Akodon_albiventer,'Akodon albiventer FMNH 107568.JPG'
Akodon_albiventer,'Akodon albiventer FMNH 107573.JPG'
Akodon_albiventer,'Akodon albiventer FMNH 107578.JPG'
Akodon_albiventer,'Akodon albiventer FMNH 107592.JPG'
Akodon_albiventer,'Akodon albiventer FMNH 107597.JPG'
Akodon_albiventer,'Akodon albiventer FMNH 107601.JPG'
Akodon_albiventer,'Akodon albiventer FMNH 107644.JPG'
Akodon_albiventer,'Akodon albiventer FMNH 107646.JPG'
Akodon_albiventer,'Akodon albiventer FMNH 107647.JPG'
Akodon_albiventer,'Akodon albiventer FMNH 107661.JPG'
Akodon_albiventer,'Akodon albiventer FMNH 107879.JPG'
Akodon_albiventer,'Akodon albiventer FMNH 129981.JPG'
Akodon_albiventer,'Akodon albiventer FMNH 129992.JPG'
Akodon_albiventer,'Akodon albiventer FMNH 129993.JPG'
Akodon_albiventer,'Akodon albiventer FMNH 162679.JPG'
Akodon_albiventer,'Akodon albiventer FMNH 162693.JPG'
Akodon_albiventer,'Akodon albiventer FMNH 162699.JPG'
Akodon_albiventer,'Akodon albiventer FMNH 162721.JPG'
Akodon_albiventer,'Akodon albiventer FMNH 162723.JPG'
Akodon_albiventer,'Akodon albiventer FMNH 162725.JPG'
Akodon_albiventer,'Akodon albiventer FMNH 162735.JPG'
Akodon_albiventer,'Akodon albiventer FMNH 162745.JPG'
Akodon_albiventer,'Akodon albiventer FMNH 53622.JPG'
Akodon_azarae,'Akodon azarae FMNH 122686.JPG'
Akodon_azarae,'Akodon azarae FMNH 23333.JPG'
Akodon_azarae,'Akodon azarae FMNH 23335.JPG'
Akodon_azarae,'Akodon azarae FMNH 23337.JPG'
Akodon_azarae,'Akodon azarae FMNH 23341.JPG'
Akodon_azarae,'Akodon azarae FMNH 23344.JPG'
Akodon_azarae,'Akodon azarae FMNH 23347.JPG'
Akodon_azarae,'Akodon azarae FMNH 27613.JPG'
Akodon_azarae,'Akodon azarae FMNH 27617.JPG'
Akodon_azarae,'Akodon azarae FMNH 27624.JPG'
Akodon_azarae,'Akodon azarae FMNH 27627.JPG'
Akodon_azarae,'Akodon azarae FMNH 27636.JPG'
Akodon_azarae,'Akodon azarae FMNH 27638.JPG'
Akodon_azarae,'Akodon azarae FMNH 27662.JPG'
Akodon_azarae,'Akodon azarae FMNH 27666.JPG'
Akodon_azarae,'Akodon azarae FMNH 27669.JPG'
Akodon_azarae,'Akodon azarae FMNH 29205.JPG'
Akodon_azarae,'Akodon azarae FMNH 29207.JPG'
Akodon_azarae,'Akodon azarae FMNH 29214.JPG'
Akodon_azarae,'Akodon azarae FMNH 29223.JPG'
Akodon_boliviensis,'Akodon boliviensis FMNH 107641.JPG'
Akodon_boliviensis,'Akodon boliviensis FMNH 107829.JPG'
Akodon_boliviensis,'Akodon boliviensis FMNH 107834.JPG'
Akodon_boliviensis,'Akodon boliviensis FMNH 107850.JPG'
Akodon_boliviensis,'Akodon boliviensis FMNH 107865.JPG'
Akodon_boliviensis,'Akodon boliviensis FMNH 107868.JPG'
Akodon_boliviensis,'Akodon boliviensis FMNH 107883.JPG'
Akodon_boliviensis,'Akodon boliviensis FMNH 107892.JPG'
Akodon_boliviensis,'Akodon boliviensis FMNH 107928.JPG'
Akodon_boliviensis,'Akodon boliviensis FMNH 107940.JPG'
Akodon_boliviensis,'Akodon boliviensis FMNH 107976.JPG'
Akodon_boliviensis,'Akodon boliviensis FMNH 162749.JPG'
Akodon_boliviensis,'Akodon boliviensis FMNH 162751.JPG'
Akodon_boliviensis,'Akodon boliviensis FMNH 162753.JPG'
Akodon_boliviensis,'Akodon boliviensis FMNH 43376.JPG'
Akodon_boliviensis,'Akodon boliviensis FMNH 43377.JPG'
Akodon_boliviensis,'Akodon boliviensis FMNH 49700.JPG'
Akodon_boliviensis,'Akodon boliviensis FMNH 49702.JPG'
Akodon_boliviensis,'Akodon boliviensis FMNH 51290.JPG'
Akodon_boliviensis,'Akodon boliviensis FMNH 51293.JPG'
Akodon_boliviensis,'Akodon boliviensis FMNH 51295.JPG'
Akodon_boliviensis,'Akodon boliviensis FMNH 51296.JPG'
Akodon_boliviensis,'Akodon boliviensis FMNH 52547.JPG'
Akodon_boliviensis,'Akodon boliviensis FMNH 52548.JPG'
Akodon_boliviensis,'Akodon boliviensis FMNH 52549.JPG'
Akodon_boliviensis,'Akodon boliviensis FMNH 52551.JPG'
Akodon_budini,'Akodon budini FMNH 23351.JPG'
Akodon_budini,'Akodon budini FMNH 23352.JPG'
Akodon_budini,'Akodon budini FMNH 23355.JPG'
Akodon_budini,'Akodon budini FMNH 23356.JPG'
Akodon_budini,'Akodon budini FMNH 23357.JPG'
Akodon_budini,'Akodon budini FMNH 23359.JPG'
Akodon_budini,'Akodon budini FMNH 23360.JPG'
Akodon_budini,'Akodon budini FMNH 23361.JPG'
Akodon_budini,'Akodon budini FMNH 23362.JPG'
Akodon_budini,'Akodon budini FMNH 23363.JPG'
Akodon_budini,'Akodon budini FMNH 23364.JPG'
Akodon_budini,'Akodon budini FMNH 23365.JPG'
Akodon_budini,'Akodon budini FMNH 23369.JPG'
Akodon_budini,'Akodon budini FMNH 23370.JPG'
Akodon_budini,'Akodon budini FMNH 23371.JPG'
Akodon_budini,'Akodon budini FMNH 39467.JPG'
Akodon_budini,'Akodon budini USNM 259611.JPG'
Akodon_budini,'Akodon budini USNM 259612.JPG'
Akodon_cursor,'Akodon cursor FMNH 141602.JPG'
Akodon_cursor,'Akodon cursor FMNH 141603.JPG'
Akodon_cursor,'Akodon cursor FMNH 141604.JPG'
Akodon_cursor,'Akodon cursor FMNH 141605.JPG'
Akodon_cursor,'Akodon cursor FMNH 141609.JPG'
Akodon_cursor,'Akodon cursor FMNH 141610.JPG'
Akodon_cursor,'Akodon cursor FMNH 141611.JPG'
Akodon_cursor,'Akodon cursor FMNH 141612.JPG'
Akodon_cursor,'Akodon cursor FMNH 145329.JPG'
Akodon_cursor,'Akodon cursor FMNH 145332.JPG'
Akodon_cursor,'Akodon cursor FMNH 145337.JPG'
Akodon_cursor,'Akodon cursor FMNH 145348.JPG'
Akodon_cursor,'Akodon cursor FMNH 145354.JPG'
Akodon_cursor,'Akodon cursor FMNH 145356.JPG'
Akodon_cursor,'Akodon cursor FMNH 145360.JPG'
Akodon_cursor,'Akodon cursor FMNH 145361.JPG'
Akodon_cursor,'Akodon cursor FMNH 145363.JPG'
Akodon_cursor,'Akodon cursor FMNH 230328.JPG'
Akodon_cursor,'Akodon cursor FMNH 230329.JPG'
Akodon_cursor,'Akodon cursor FMNH 230331.JPG'
Akodon_cursor,'Akodon cursor FMNH 26578.JPG'
Akodon_cursor,'Akodon cursor FMNH 26580.JPG'
Akodon_cursor,'Akodon cursor FMNH 26584.JPG'
Akodon_cursor,'Akodon cursor FMNH 94445.JPG'
Akodon_cursor,'Akodon cursor FMNH 94452.JPG'
Akodon_cursor,'Akodon cursor FMNH 94468.JPG'
Akodon_cursor,'Akodon cursor FMNH 94476.JPG'
Akodon_cursor,'Akodon cursor FMNH 94497.JPG'
Akodon_cursor,'Akodon cursor FMNH 94500.JPG'
Akodon_cursor,'Akodon cursor FMNH 94508.JPG'
Akodon_dayi,'Akodon dayi FMNH 140809.JPG'
Akodon_dayi,'Akodon dayi FMNH 140810.JPG'
Akodon_dayi,'Akodon dayi FMNH 21575.JPG'
Akodon_dayi,'Akodon dayi FMNH 21578.JPG'
Akodon_dayi,'Akodon dayi FMNH 21588.JPG'
Akodon_dayi,'Akodon dayi FMNH 46145.JPG'
Akodon_dayi,'Akodon dayi USNM 276608.JPG'
Akodon_dayi,'Akodon dayi USNM 276609.JPG'
Akodon_dayi,'Akodon dayi USNM 390699.JPG'
Akodon_dayi,'Akodon dayi USNM 584503.JPG'
Akodon_dayi,'Akodon dayi USNM 584504.JPG'
Akodon_dayi,'Akodon dayi USNM 584505.JPG'
Akodon_dayi,'Akodon dayi USNM 584506.JPG'
Akodon_dolores,'Akodon dolores USNM 364531.JPG'
Akodon_dolores,'Akodon dolores FMNH 35243.JPG'
Akodon_fumeus,'Akodon fumeus FMNH 162755.JPG'
Akodon_fumeus,'Akodon fumeus FMNH 74874.JPG'
Akodon_fumeus,'Akodon fumeus FMNH 74875.JPG'
Akodon_fumeus,'Akodon fumeus FMNH 74876.JPG'
Akodon_fumeus,'Akodon fumeus FMNH 74877.JPG'
Akodon_fumeus,'Akodon fumeus FMNH 74878.JPG'
Akodon_fumeus,'Akodon fumeus FMNH 74879.JPG'
Akodon_fumeus,'Akodon fumeus FMNH 74881.JPG'
Akodon_fumeus,'Akodon fumeus USNM 271433.JPG'
Akodon_fumeus,'Akodon fumeus USNM 290907.JPG'
Akodon_fumeus,'Akodon fumeus USNM 290927.JPG'
Akodon_iniscatus,'Akodon iniscatus FMNH 29127.JPG'
Akodon_iniscatus,'Akodon iniscatus USNM 236314.JPG'
Akodon_iniscatus,'Akodon iniscatus FMNH 35248.JPG'
Akodon_iniscatus,'Akodon iniscatus FMNH 41285.JPG'
Akodon_juninensis,'Akodon juninensis FMNH 23671.JPG'
Akodon_juninensis,'Akodon juninensis FMNH 23673.JPG'
Akodon_juninensis,'Akodon juninensis FMNH 75561.JPG'
Akodon_juninensis,'Akodon juninensis AMNH 231329.JPG'
Akodon_juninensis,'Akodon juninensis AMNH 231334.JPG'
Akodon_juninensis,'Akodon juninensis AMNH 231337.JPG'
Akodon_juninensis,'Akodon juninensis AMNH 231338.JPG'
Akodon_juninensis,'Akodon juninensis AMNH 231340.JPG'
Akodon_kofordi,'Akodon kofordi FMNH 18181.JPG'
Akodon_kofordi,'Akodon kofordi FMNH 52553.JPG'
Akodon_kofordi,'Akodon kofordi FMNH 52554.JPG'
Akodon_kofordi,'Akodon kofordi FMNH 52555.JPG'
Akodon_kofordi,'Akodon kofordi FMNH 52556.JPG'
Akodon_kofordi,'Akodon kofordi FMNH 75483.JPG'
Akodon_kofordi,'Akodon kofordi USNM 172966.JPG'
Akodon_lindberghi,'Akodon lindberghi MN 33682.JPG'
Akodon_lindberghi,'Akodon lindberghi MN 33683.JPG'
Akodon_lindberghi,'Akodon lindberghi MN 33684.JPG'
Akodon_lindberghi,'Akodon lindberghi MN 33685.JPG'
Akodon_lindberghi,'Akodon lindberghi MN 33686.JPG'
Akodon_lindberghi,'Akodon lindberghi MN 33703.JPG'
Akodon_lindberghi,'Akodon lindberghi MN 48026.JPG'
Akodon_lindberghi,'Akodon lindberghi MN 67123.JPG'
Akodon_lutescens,'Akodon lutescens FMNH 21559.JPG'
Akodon_lutescens,'Akodon lutescens FMNH 49696.JPG'
Akodon_lutescens,'Akodon lutescens FMNH 50975.JPG'
Akodon_lutescens,'Akodon lutescens FMNH 74884.JPG'
Akodon_lutescens,'Akodon lutescens FMNH 74886.JPG'
Akodon_lutescens,'Akodon lutescens FMNH 74887.JPG'
Akodon_lutescens,'Akodon lutescens FMNH 74890.JPG'
Akodon_mimus,'Akodon mimus AMNH 264911.JPG'
Akodon_mimus,'Akodon mimus AMNH 264913.JPG'
Akodon_mimus,'Akodon mimus AMNH 264914.JPG'
Akodon_mimus,'Akodon mimus AMNH 264915.JPG'
Akodon_mimus,'Akodon mimus AMNH 264918.JPG'
Akodon_mimus,'Akodon mimus AMNH 264919.JPG'
Akodon_mimus,'Akodon mimus AMNH 264920.JPG'
Akodon_mimus,'Akodon mimus AMNH 2688.JPG'
Akodon_mimus,'Akodon mimus AMNH 268823.JPG'
Akodon_mimus,'Akodon mimus AMNH 268826.JPG'
Akodon_mimus,'Akodon mimus AMNH 268828.JPG'
Akodon_mimus,'Akodon mimus AMNH 268829.JPG'
Akodon_mimus,'Akodon mimus AMNH 268831.JPG'
Akodon_mimus,'Akodon mimus AMNH 268832.JPG'
Akodon_mimus,'Akodon mimus AMNH 2754.JPG'
Akodon_mollis,'Akodon mollis FMNH 129213.JPG'
Akodon_mollis,'Akodon mollis FMNH 129215.JPG'
Akodon_mollis,'Akodon mollis FMNH 129216.JPG'
Akodon_mollis,'Akodon mollis FMNH 129228.JPG'
Akodon_mollis,'Akodon mollis FMNH 19277.JPG'
Akodon_mollis,'Akodon mollis FMNH 19280.JPG'
Akodon_mollis,'Akodon mollis FMNH 19281.JPG'
Akodon_mollis,'Akodon mollis FMNH 19284.JPG'
Akodon_mollis,'Akodon mollis FMNH 19287.JPG'
Akodon_mollis,'Akodon mollis FMNH 20899.JPG'
Akodon_mollis,'Akodon mollis FMNH 20902.JPG'
Akodon_mollis,'Akodon mollis FMNH 20905.JPG'
Akodon_mollis,'Akodon mollis FMNH 20909.JPG'
Akodon_mollis,'Akodon mollis FMNH 23664.JPG'
Akodon_mollis,'Akodon mollis FMNH 23677.JPG'
Akodon_mollis,'Akodon mollis FMNH 23678.JPG'
Akodon_mollis,'Akodon mollis FMNH 23682.JPG'
Akodon_mollis,'Akodon mollis FMNH 23686.JPG'
Akodon_mollis,'Akodon mollis FMNH 24491.JPG'
Akodon_mollis,'Akodon mollis FMNH 81348.JPG'
Akodon_mollis,'Akodon mollis FMNH 81368.JPG'
Akodon_mollis,'Akodon mollis FMNH 81370.JPG'
Akodon_mollis,'Akodon mollis FMNH 81371.JPG'
Akodon_mollis,'Akodon mollis FMNH 81372.JPG'
Akodon_mollis,'Akodon mollis FMNH 81373.JPG'
Akodon_mollis,'Akodon mollis FMNH 81374.JPG'
Akodon_mollis,'Akodon mollis FMNH 81375.JPG'
Akodon_montensis,'Akodon montensis FMNH 18185.JPG'
Akodon_montensis,'Akodon montensis FMNH 26817.JPG'
Akodon_montensis,'Akodon montensis FMNH 26838.JPG'
Akodon_montensis,'Akodon montensis FMNH 26845.JPG'
Akodon_montensis,'Akodon montensis FMNH 26846.JPG'
Akodon_montensis,'Akodon montensis FMNH 26847.JPG'
Akodon_montensis,'Akodon montensis FMNH 47956.JPG'
Akodon_mystax,'Akodon mystax MN 69602.JPG'
Akodon_mystax,'Akodon mystax MN 69605.JPG'
Akodon_mystax,'Akodon mystax MN 69606.JPG'
Akodon_mystax,'Akodon mystax MN 69609.JPG'
Akodon_mystax,'Akodon mystax MN 69613.JPG'
Akodon_mystax,'Akodon mystax MN 69623.JPG'
Akodon_mystax,'Akodon mystax MN 69627.JPG'
Akodon_mystax,'Akodon mystax MN 69628.JPG'
Akodon_mystax,'Akodon mystax MN 69629.JPG'
Akodon_mystax,'Akodon mystax MN 69644.JPG'
Akodon_orophilus,'Akodon orophilus FMNH 19721.JPG'
Akodon_orophilus,'Akodon orophilus FMNH 19722.JPG'
Akodon_orophilus,'Akodon orophilus FMNH 19725.JPG'
Akodon_orophilus,'Akodon orophilus FMNH 19726.JPG'
Akodon_orophilus,'Akodon orophilus FMNH 19728.JPG'
Akodon_orophilus,'Akodon orophilus FMNH 19731.JPG'
Akodon_orophilus,'Akodon orophilus FMNH 19732.JPG'
Akodon_orophilus,'Akodon orophilus FMNH 19733.JPG'
Akodon_orophilus,'Akodon orophilus FMNH 19734.JPG'
Akodon_orophilus,'Akodon orophilus FMNH 19738.JPG'
Akodon_orophilus,'Akodon orophilus FMNH 19739.JPG'
Akodon_orophilus,'Akodon orophilus FMNH 19740.JPG'
Akodon_orophilus,'Akodon orophilus FMNH 19741.JPG'
Akodon_orophilus,'Akodon orophilus FMNH 19742.JPG'
Akodon_orophilus,'Akodon orophilus FMNH 19743.JPG'
Akodon_orophilus,'Akodon orophilus FMNH 19744.JPG'
Akodon_orophilus,'Akodon orophilus FMNH 19745.JPG'
Akodon_orophilus,'Akodon orophilus FMNH 19754.JPG'
Akodon_orophilus,'Akodon orophilus FMNH 23657.JPG'
Akodon_orophilus,'Akodon orophilus FMNH 24495.JPG'
Akodon_orophilus,'Akodon orophilus FMNH 24498.JPG'
Akodon_orophilus,'Akodon orophilus FMNH 24500.JPG'
Akodon_orophilus,'Akodon orophilus FMNH 24773.JPG'
Akodon_orophilus,'Akodon orophilus FMNH 24774.JPG'
Akodon_paranaensis,'Akodon paranaensis MN 48067.JPG'
Akodon_paranaensis,'Akodon paranaensis MN 69675.JPG'
Akodon_paranaensis,'Akodon paranaensis MN 69676.JPG'
Akodon_paranaensis,'Akodon paranaensis MN 69677.JPG'
Akodon_paranaensis,'Akodon paranaensis MN 69679.JPG'
Akodon_reigi,'Akodon reigi MN 62119.JPG'
Akodon_reigi,'Akodon reigi MN 62120.JPG'
Akodon_siberiae,'Akodon siberiae AMNH 260423.JPG'
Akodon_siberiae,'Akodon siberiae AMNH 260424.JPG'
Akodon_siberiae,'Akodon siberiae AMNH 260425.JPG'
Akodon_siberiae,'Akodon siberiae AMNH 260426.JPG'
Akodon_siberiae,'Akodon siberiae AMNH 260427.JPG'
Akodon_siberiae,'Akodon siberiae AMNH 260428.JPG'
Akodon_siberiae,'Akodon siberiae AMNH 260430.JPG'
Akodon_siberiae,'Akodon siberiae AMNH 260431.JPG'
Akodon_siberiae,'Akodon siberiae AMNH 260434.JPG'
Akodon_siberiae,'Akodon siberiae AMNH 260578.JPG'
Akodon_siberiae,'Akodon siberiae AMNH 260579.JPG'
Akodon_siberiae,'Akodon siberiae AMNH 260594.JPG'
Akodon_simulator,'Akodon simulator FMNH 29134.JPG'
Akodon_simulator,'Akodon simulator FMNH 30109.JPG'
Akodon_simulator,'Akodon simulator FMNH 30110.JPG'
Akodon_simulator,'Akodon simulator FMNH 30112.JPG'
Akodon_simulator,'Akodon simulator FMNH 30115.JPG'
Akodon_simulator,'Akodon simulator FMNH 30117.JPG'
Akodon_simulator,'Akodon simulator FMNH 30119.JPG'
Akodon_simulator,'Akodon simulator FMNH 30120.JPG'
Akodon_simulator,'Akodon simulator FMNH 30122.JPG'
Akodon_simulator,'Akodon simulator FMNH 30123.JPG'
Akodon_simulator,'Akodon simulator FMNH 30128.JPG'
Akodon_simulator,'Akodon simulator FMNH 30131.JPG'
Akodon_simulator,'Akodon simulator FMNH 30132.JPG'
Akodon_simulator,'Akodon simulator FMNH 35249.JPG'
Akodon_spegazzinii,'Akodon spegazzinii USNM 259280.JPG'
Akodon_spegazzinii,'Akodon spegazzinii USNM 259632.JPG'
Akodon_spegazzinii,'Akodon spegazzinii USNM 259633.JPG'
Akodon_subfuscus,'Akodon subfuscus FMNH 107750.JPG'
Akodon_subfuscus,'Akodon subfuscus FMNH 107753.JPG'
Akodon_subfuscus,'Akodon subfuscus FMNH 107760.JPG'
Akodon_subfuscus,'Akodon subfuscus FMNH 107794.JPG'
Akodon_subfuscus,'Akodon subfuscus FMNH 107810.JPG'
Akodon_subfuscus,'Akodon subfuscus FMNH 107817.JPG'
Akodon_subfuscus,'Akodon subfuscus FMNH 107826.JPG'
Akodon_subfuscus,'Akodon subfuscus FMNH 75523.JPG'
Akodon_subfuscus,'Akodon subfuscus FMNH 75524.JPG'
Akodon_subfuscus,'Akodon subfuscus FMNH 75525.JPG'
Akodon_subfuscus,'Akodon subfuscus FMNH 75527.JPG'
Akodon_subfuscus,'Akodon subfuscus FMNH 75531.JPG'
Akodon_subfuscus,'Akodon subfuscus FMNH 75532.JPG'
Akodon_subfuscus,'Akodon subfuscus FMNH 75550.JPG'
Akodon_sylvanus,'Akodon sylvanus AMNH 264272.TPS'
Akodon_toba,'Akodon toba FMNH 157165.JPG'
Akodon_toba,'Akodon toba FMNH 157179.JPG'
Akodon_toba,'Akodon toba FMNH 157182.JPG'
Akodon_toba,'Akodon toba FMNH 157186.JPG'
Akodon_toba,'Akodon toba FMNH 157187.JPG'
Akodon_toba,'Akodon toba FMNH 157188.JPG'
Akodon_toba,'Akodon toba FMNH 157195.JPG'
Akodon_toba,'Akodon toba FMNH 157201.JPG'
Akodon_toba,'Akodon toba FMNH 157209.JPG'
Akodon_toba,'Akodon toba FMNH 164101.JPG'
Akodon_toba,'Akodon toba FMNH 164136.JPG'
Akodon_toba,'Akodon toba FMNH 164159.JPG'
Akodon_toba,'Akodon toba FMNH 164160.JPG'
Akodon_toba,'Akodon toba FMNH 164161.JPG'
Akodon_toba,'Akodon toba FMNH 164164.JPG'
Akodon_toba,'Akodon toba FMNH 164168.JPG'
Akodon_toba,'Akodon toba FMNH 164170.JPG'
Akodon_toba,'Akodon toba FMNH 164173.JPG'
Akodon_toba,'Akodon toba FMNH 164179.JPG'
Akodon_toba,'Akodon toba FMNH 164183.JPG'
Akodon_torques,'Akodon torques FMNH 170501.JPG'
Akodon_torques,'Akodon torques FMNH 170506.JPG'
Akodon_torques,'Akodon torques FMNH 170508.JPG'
Akodon_torques,'Akodon torques FMNH 170509.JPG'
Akodon_torques,'Akodon torques FMNH 170510.JPG'
Akodon_torques,'Akodon torques FMNH 170511.JPG'
Akodon_torques,'Akodon torques FMNH 170517.JPG'
Akodon_torques,'Akodon torques FMNH 170523.JPG'
Akodon_torques,'Akodon torques FMNH 170524.JPG'
Akodon_torques,'Akodon torques FMNH 171861.JPG'
Akodon_torques,'Akodon torques FMNH 172221.JPG'
Akodon_torques,'Akodon torques FMNH 172231.JPG'
Akodon_torques,'Akodon torques FMNH 172233.JPG'
Akodon_torques,'Akodon torques FMNH 43367.JPG'
Akodon_torques,'Akodon torques FMNH 43368.JPG'
Akodon_torques,'Akodon torques FMNH 43369.JPG'
Akodon_torques,'Akodon torques FMNH 78707.JPG'
Akodon_torques,'Akodon torques FMNH 78708.JPG'
Akodon_varius,'Akodon varius AMNH 38667.JPG'
Akodon_varius,'Akodon varius AMNH 38670.JPG'
Akodon_varius,'Akodon varius AMNH 38674.JPG'
Akodon_varius,'Akodon varius AMNH 38675.JPG'
Bibimys_chacoensis,'Bibimys chacoensis USNM 236239.JPG'
Bibimys_labiosus,'Bibimys labiosus MCNM 2829.JPG'
Bibimys_labiosus,'Bibimys labiosus MCNM 2839.JPG'
Bibimys_labiosus,'Bibimys labiosus MN 62601.JPG'
Bibimys_labiosus,'Bibimys labiosus MZUFV 753.JPG'
Bibimys_labiosus,'Bibimys labiosus PRG 1034.JPG'
Bibimys_labiosus,'Bibimys labiosus PRG 210.JPG'
Blarinomys_breviceps,'Blarinomys breviceps MCNM 1377.JPG'
Blarinomys_breviceps,'Blarinomys breviceps MCNM 1472.JPG'
Blarinomys_breviceps,'Blarinomys breviceps MCNM 2534.JPG'
Blarinomys_breviceps,'Blarinomys breviceps MCNM 2747.JPG'
Blarinomys_breviceps,'Blarinomys breviceps MCNM 2837.JPG'
Blarinomys_breviceps,'Blarinomys breviceps MCNM 2983.JPG'
Blarinomys_breviceps,'Blarinomys breviceps MN 29445.JPG'
Blarinomys_breviceps,'Blarinomys breviceps MN 68882.JPG'
Blarinomys_breviceps,'Blarinomys breviceps MN 70223.JPG'
Blarinomys_breviceps,'Blarinomys breviceps MN 70224.JPG'
Blarinomys_breviceps,'Blarinomys breviceps MN 70226.2.tif'
Blarinomys_breviceps,'Blarinomys breviceps MN 77786.JPG'
Brucepattersonius_soricinus,'Brucepattersonius soricinus FMNH 230356.JPG'
Brucepattersonius_soricinus,'Brucepattersonius soricinus FMNH 94499.JPG'
Brucepattersonius_soricinus,'Brucepattersonius soricinus type FMNH 94480.JPG'
Castoria_angustidens,'Castoria angustidens FMNH 230337.JPG'
Castoria_angustidens,'Castoria angustidens FMNH 230340.JPG'
Castoria_angustidens,'Castoria angustidens FMNH 230341.JPG'
Castoria_angustidens,'Castoria angustidens FMNH 230345.JPG'
Castoria_angustidens,'Castoria angustidens FMNH 230346.JPG'
Castoria_angustidens,'Castoria angustidens FMNH 230348.JPG'
Castoria_angustidens,'Castoria angustidens FMNH 230349.JPG'
Castoria_angustidens,'Castoria angustidens FMNH 230350.JPG'
Castoria_angustidens,'Castoria angustidens FMNH 230351.JPG'
Castoria_angustidens,'Castoria angustidens FMNH 230352.JPG'
Castoria_angustidens,'Castoria angustidens FMNH 230353.JPG'
Deltamys_kempi,'Deltamys kempi AMNH 206097.JPG'
Deltamys_kempi,'Deltamys kempi AMNH 206102.JPG'
Deltamys_kempi,'Deltamys kempi AMNH 206115.JPG'
Deltamys_kempi,'Deltamys kempi AMNH 206117.JPG'
Deltamys_kempi,'Deltamys kempi AMNH 206118.JPG'
Deltamys_kempi,'Deltamys kempi AMNH 206119.JPG'
Deltamys_kempi,'Deltamys kempi AMNH 206120.JPG'
Deltamys_kempi,'Deltamys kempi AMNH 206121.JPG'
Deltamys_kempi,'Deltamys kempi AMNH 206139.JPG'
Deltamys_kempi,'Deltamys kempi AMNH 206140.JPG'
Deltamys_kempi,'Deltamys kempi AMNH 206142.JPG'
Deltamys_kempi,'Deltamys kempi AMNH 206157.JPG'
Deltamys_kempi,'Deltamys kempi AMNH 206158.JPG'
Deltamys_kempi,'Deltamys kempi AMNH 206159.JPG'
Deltamys_kempi,'Deltamys kempi AMNH 206161.JPG'
Deltamys_kempi,'Deltamys kempi AMNH 206163.JPG'
Deltamys_kempi,'Deltamys kempi AMNH 206164.JPG'
Deltamys_kempi,'Deltamys kempi AMNH 206165.JPG'
Deltamys_kempi,'Deltamys kempi MN 42090.2.tif'
Deltamys_kempi,'Deltamys kempi MN 42091.JPG'
Deltamys_kempi,'Deltamys kempi MN 42092.2.tif'
Deltamys_kempi,'Deltamys kempi MN 42097.2.tif'
Deltamys_kempi,'Deltamys kempi MN 42098.2.tif'
Deltamys_kempi,'Deltamys kempi MN 42099.2.tif'
Juscelinomys_huanchacae,'Juscelinomys huanchacae USNM 584508.JPG'
Juscelinomys_huanchacae,'Juscelinomys huanchacae USNM 584510.JPG'
Juscelinomys_huanchacae,'Juscelinomys huanchacae USNM 584511.2.JPG'
Juscelinomys_huanchacae,'Juscelinomys huanchacae USNM 584512.2.JPG'
Juscelinomys_huanchacae,'Juscelinomys huanchacae USNM 584513.2.JPG'
Kunsia_tomentosus,'Kunsia tomentosus FMNH 122710.JPG'
Kunsia_tomentosus,'Kunsia tomentosus FMNH 122711.JPG'
Kunsia_tomentosus,'Kunsia tomentosus MN 316.2.JPG'
Kunsia_tomentosus,'Kunsia tomentosus MN 2055.2.JPG'
Kunsia_tomentosus,'Kunsia tomentosus MN 53969.2.JPG'
Kunsia_tomentosus,'Kunsia tomentosus MN 62567.JPG'
Kunsia_tomentosus,'Kunsia tomentosus MN 62569.JPG'
Kunsia_tomentosus,'Kunsia tomentosus USNM 584516.JPG'
Lenoxus_apicalis,'Lenoxus apicalis AMNH 15815.JPG'
Lenoxus_apicalis,'Lenoxus apicalis AMNH 16064.JPG'
Lenoxus_apicalis,'Lenoxus apicalis AMNH 16065.JPG'
Lenoxus_apicalis,'Lenoxus apicalis AMNH 16067.JPG'
Lenoxus_apicalis,'Lenoxus apicalis AMNH 16553.JPG'
Lenoxus_apicalis,'Lenoxus apicalis AMNH 16555.JPG'
Lenoxus_apicalis,'Lenoxus apicalis AMNH 16556.JPG'
Lenoxus_apicalis,'Lenoxus apicalis AMNH 16557.JPG'
Lenoxus_apicalis,'Lenoxus apicalis AMNH 16558.JPG'
Lenoxus_apicalis,'Lenoxus apicalis AMNH 16559.JPG'
Lenoxus_apicalis,'Lenoxus apicalis AMNH 264854.JPG'
Lenoxus_apicalis,'Lenoxus apicalis AMNH 264856.JPG'
Lenoxus_apicalis,'Lenoxus apicalis AMNH 264857.JPG'
Lenoxus_apicalis,'Lenoxus apicalis AMNH 72604.JPG'
Lenoxus_apicalis,'Lenoxus apicalis AMNH 72605.JPG'
Lenoxus_apicalis,'Lenoxus apicalis AMNH 72607.JPG'
Lenoxus_apicalis,'Lenoxus apicalis AMNH 72609.JPG'
Lenoxus_apicalis,'Lenoxus apicalis AMNH 72610.JPG'
Lenoxus_apicalis,'Lenoxus apicalis AMNH 72611.JPG'
Lenoxus_apicalis,'Lenoxus apicalis AMNH 72615.JPG'
Lenoxus_apicalis,'Lenoxus apicalis AMNH 72618.JPG'
Lenoxus_apicalis,'Lenoxus apicalis AMNH 72620.JPG'
Lenoxus_apicalis,'Lenoxus apicalis AMNH 72624.JPG'
Lenoxus_apicalis,'Lenoxus apicalis FMNH 20106.JPG'
Lenoxus_apicalis,'Lenoxus apicalis FMNH 52612.JPG'
Lenoxus_apicalis,'Lenoxus apicalis FMNH 52613.JPG'
Necromys_amoenus,'Necromys amoenus FMNH 107665.JPG'
Necromys_amoenus,'Necromys amoenus FMNH 107680.JPG'
Necromys_amoenus,'Necromys amoenus FMNH 107699.JPG'
Necromys_amoenus,'Necromys amoenus FMNH 107702.JPG'
Necromys_amoenus,'Necromys amoenus FMNH 107728.JPG'
Necromys_amoenus,'Necromys amoenus FMNH 107838.JPG'
Necromys_amoenus,'Necromys amoenus FMNH 107861.JPG'
Necromys_amoenus,'Necromys amoenus FMNH 107862.JPG'
Necromys_amoenus,'Necromys amoenus FMNH 107864.JPG'
Necromys_amoenus,'Necromys amoenus FMNH 107875.JPG'
Necromys_amoenus,'Necromys amoenus FMNH 49671.JPG'
Necromys_amoenus,'Necromys amoenus FMNH 49672.JPG'
Necromys_amoenus,'Necromys amoenus FMNH 49676.JPG'
Necromys_amoenus,'Necromys amoenus FMNH 49677.JPG'
Necromys_amoenus,'Necromys amoenus FMNH 49750.JPG'
Necromys_amoenus,'Necromys amoenus USNM 194725.JPG'
Necromys_lactens,'Necromys lactens FMNH 162771.JPG'
Necromys_lactens,'Necromys lactens FMNH 23366.JPG'
Necromys_lasiurus,'Necromys lasiurus FMNH 117120.JPG'
Necromys_lasiurus,'Necromys lasiurus FMNH 117122.JPG'
Necromys_lasiurus,'Necromys lasiurus FMNH 117124.JPG'
Necromys_lasiurus,'Necromys lasiurus FMNH 128337.JPG'
Necromys_lasiurus,'Necromys lasiurus FMNH 128338.JPG'
Necromys_lasiurus,'Necromys lasiurus FMNH 164214.JPG'
Necromys_lasiurus,'Necromys lasiurus FMNH 164226.JPG'
Necromys_lasiurus,'Necromys lasiurus FMNH 164227.JPG'
Necromys_lasiurus,'Necromys lasiurus FMNH 164235.JPG'
Necromys_lasiurus,'Necromys lasiurus FMNH 164320.JPG'
Necromys_lasiurus,'Necromys lasiurus FMNH 25196.JPG'
Necromys_lasiurus,'Necromys lasiurus FMNH 25197.JPG'
Necromys_lasiurus,'Necromys lasiurus FMNH 25198.JPG'
Necromys_lasiurus,'Necromys lasiurus FMNH 25200.JPG'
Necromys_lasiurus,'Necromys lasiurus FMNH 25201.JPG'
Necromys_lasiurus,'Necromys lasiurus FMNH 96114.JPG'
Necromys_lasiurus,'Necromys lasiurus FMNH 96115.JPG'
Necromys_lenguarum,'Necromys lenguarum FMNH 157220.JPG'
Necromys_lenguarum,'Necromys lenguarum FMNH 164229.JPG'
Necromys_lenguarum,'Necromys lenguarum FMNH 164244.JPG'
Necromys_lenguarum,'Necromys lenguarum FMNH 164324.JPG'
Necromys_lenguarum,'Necromys lenguarum FMNH 164325.JPG'
Necromys_lenguarum,'Necromys lenguarum FMNH 164375.JPG'
Necromys_lenguarum,'Necromys lenguarum FMNH 164377.JPG'
Necromys_lenguarum,'Necromys lenguarum FMNH 164378.JPG'
Necromys_lenguarum,'Necromys lenguarum FMNH 164385.JPG'
Necromys_lenguarum,'Necromys lenguarum FMNH 164392.JPG'
Necromys_lenguarum,'Necromys lenguarum FMNH 164396.JPG'
Necromys_lenguarum,'Necromys lenguarum FMNH 164403.JPG'
Necromys_lenguarum,'Necromys lenguarum FMNH 164421.JPG'
Necromys_lenguarum,'Necromys lenguarum FMNH 164431.JPG'
Necromys_lenguarum,'Necromys lenguarum FMNH 164435.JPG'
Necromys_lenguarum,'Necromys lenguarum FMNH 164441.JPG'
Necromys_lenguarum,'Necromys lenguarum USNM 584523.JPG'
Necromys_lenguarum,'Necromys lenguarum USNM 584525.JPG'
Necromys_lenguarum,'Necromys lenguarum USNM 584529.JPG'
Necromys_lenguarum,'Necromys lenguarum USNM 584531.JPG'
Necromys_lenguarum,'Necromys lenguarum USNM 584533.JPG'
Necromys_lenguarum,'Necromys lenguarum USNM 584534.JPG'
Necromys_lenguarum,'Necromys lenguarum USNM 584538.JPG'
Necromys_lenguarum,'Necromys lenguarum USNM 584539.JPG'
Necromys_lenguarum,'Necromys lenguarum USNM 584540.JPG'
Necromys_lenguarum,'Necromys lenguarum USNM 584541.JPG'
Necromys_obscurus,'Necromys obscurus FMNH 122687.JPG'
Necromys_obscurus,'Necromys obscurus FMNH 35357.JPG'
Necromys_urichi,'Necromys urichi USNM 314184.JPG'
Necromys_urichi,'Necromys urichi USNM 317731.JPG'
Necromys_urichi,'Necromys urichi USNM 317742.JPG'
Necromys_urichi,'Necromys urichi USNM 317743.JPG'
Necromys_urichi,'Necromys urichi USNM 317744.JPG'
Necromys_urichi,'Necromys urichi USNM 371197.JPG'
Necromys_urichi,'Necromys urichi USNM 371198.JPG'
Necromys_urichi,'Necromys urichi USNM 371199.JPG'
Necromys_urichi,'Necromys urichi USNM 371202.JPG'
Necromys_urichi,'Necromys urichi USNM 371206.JPG'
Necromys_urichi,'Necromys urichi USNM 371209.JPG'
Necromys_urichi,'Necromys urichi USNM 387978.JPG'
Necromys_urichi,'Necromys urichi USNM 406117.JPG'
Necromys_urichi,'Necromys urichi USNM 406120.JPG'
Necromys_urichi,'Necromys urichi USNM 406122.JPG'
Necromys_urichi,'Necromys urichi USNM 409941.JPG'
Necromys_urichi,'Necromys urichi USNM 409946.JPG'
Necromys_urichi,'Necromys urichi USNM 409947.JPG'
Necromys_urichi,'Necromys urichi USNM 442343.JPG'
Necromys_urichi,'Necromys urichi USNM 442350.JPG'
Necromys_urichi,'Necromys urichi USNM 540711.JPG'
Necromys_urichi,'Necromys urichi USNM 560659.JPG'
Necromys_urichi,'Necromys urichi USNM 85567.JPG'
Oxymycterus_amazonicus,'Oxymycterus amazonicus USNM 519783.JPG'
Oxymycterus_amazonicus,'Oxymycterus amazonicus USNM 519784.JPG'
Oxymycterus_amazonicus,'Oxymycterus amazonicus USNM 519785.JPG'
Oxymycterus_amazonicus,'Oxymycterus amazonicus USNM 519786.JPG'
Oxymycterus_amazonicus,'Oxymycterus amazonicus USNM 519787.JPG'
Oxymycterus_amazonicus,'Oxymycterus amazonicus USNM 521436.JPG'
Oxymycterus_amazonicus,'Oxymycterus amazonicus USNM 521481.JPG'
Oxymycterus_amazonicus,'Oxymycterus amazonicus USNM 521482.JPG'
Oxymycterus_amazonicus,'Oxymycterus amazonicus USNM 521484.JPG'
Oxymycterus_amazonicus,'Oxymycterus amazonicus USNM 521485.JPG'
Oxymycterus_amazonicus,'Oxymycterus amazonicus USNM 521486.JPG'
Oxymycterus_amazonicus,'Oxymycterus amazonicus USNM 521487.JPG'
Oxymycterus_amazonicus,'Oxymycterus amazonicus USNM 521488.JPG'
Oxymycterus_amazonicus,'Oxymycterus amazonicus USNM 521489.JPG'
Oxymycterus_amazonicus,'Oxymycterus amazonicus USNM 521493.JPG'
Oxymycterus_amazonicus,'Oxymycterus amazonicus USNM 521494.JPG'
Oxymycterus_amazonicus,'Oxymycterus amazonicus USNM 521496.JPG'
Oxymycterus_amazonicus,'Oxymycterus amazonicus USNM 544637.JPG'
Oxymycterus_amazonicus,'Oxymycterus amazonicus USNM 546017.JPG'
Oxymycterus_amazonicus,'Oxymycterus amazonicus USNM 546020.JPG'
Oxymycterus_amazonicus,'Oxymycterus amazonicus USNM 546023.JPG'
Oxymycterus_amazonicus,'Oxymycterus amazonicus USNM 546025.JPG'
Oxymycterus_amazonicus,'Oxymycterus amazonicus USNM 546028.JPG'
Oxymycterus_amazonicus,'Oxymycterus amazonicus USNM 546029.JPG'
Oxymycterus_amazonicus,'Oxymycterus amazonicus USNM 546030.JPG'
Oxymycterus_amazonicus,'Oxymycterus amazonicus USNM 546031.JPG'
Oxymycterus_dasytrichus,'Oxymycterus dasytrichus FMNH 145437.JPG'
Oxymycterus_dasytrichus,'Oxymycterus dasytrichus FMNH 145438.JPG'
Oxymycterus_dasytrichus,'Oxymycterus dasytrichus FMNH 145441.JPG'
Oxymycterus_dasytrichus,'Oxymycterus dasytrichus FMNH 145443.JPG'
Oxymycterus_dasytrichus,'Oxymycterus dasytrichus FMNH 53874.JPG'
Oxymycterus_dasytrichus,'Oxymycterus dasytrichus FMNH 53875.JPG'
Oxymycterus_dasytrichus,'Oxymycterus dasytrichus FMNH 94525.JPG'
Oxymycterus_dasytrichus,'Oxymycterus dasytrichus FMNH 94526.JPG'
Oxymycterus_dasytrichus,'Oxymycterus dasytrichus FMNH 94529.JPG'
Oxymycterus_dasytrichus,'Oxymycterus dasytrichus MCNM 1300.JPG'
Oxymycterus_dasytrichus,'Oxymycterus dasytrichus MCNM 1477.JPG'
Oxymycterus_dasytrichus,'Oxymycterus dasytrichus MCNM 3072.JPG'
Oxymycterus_dasytrichus,'Oxymycterus dasytrichus MCNM 3074.JPG'
Oxymycterus_dasytrichus,'Oxymycterus dasytrichus MCNM 3158.JPG'
Oxymycterus_delator,'Oxymycterus delator MCNM 2482.JPG'
Oxymycterus_delator,'Oxymycterus delator MCNM 3073.JPG'
Oxymycterus_delator,'Oxymycterus delator MCNM 3076.JPG'
Oxymycterus_delator,'Oxymycterus delator MCNM 3126.JPG'
Oxymycterus_delator,'Oxymycterus delator MCNM 3256.JPG'
Oxymycterus_delator,'Oxymycterus delator MCNM 3259.JPG'
Oxymycterus_delator,'Oxymycterus delator MCNM 3260.JPG'
Oxymycterus_delator,'Oxymycterus delator MCNM 3333.JPG'
Oxymycterus_delator,'Oxymycterus delator MCNM 3512.JPG'
Oxymycterus_hiska,'Oxymycterus hiska AMNH 91601.JPG'
Oxymycterus_hiska,'Oxymycterus hiska AMNH 91602.JPG'
Oxymycterus_nasutus,'Oxymycterus nasutus CAZ 100.JPG'
Oxymycterus_nasutus,'Oxymycterus nasutus CAZ 106.JPG'
Oxymycterus_nasutus,'Oxymycterus nasutus CAZ 118.JPG'
Oxymycterus_nasutus,'Oxymycterus nasutus CAZ 122.JPG'
Oxymycterus_nasutus,'Oxymycterus nasutus CAZ 125.JPG'
Oxymycterus_nasutus,'Oxymycterus nasutus CAZ 129.JPG'
Oxymycterus_nasutus,'Oxymycterus nasutus CAZ 133.JPG'
Oxymycterus_nasutus,'Oxymycterus nasutus CAZ 138.JPG'
Oxymycterus_nasutus,'Oxymycterus nasutus CAZ 63.JPG'
Oxymycterus_nasutus,'Oxymycterus nasutus MN 42436.JPG'
Oxymycterus_nasutus,'Oxymycterus nasutus USNM 259578.JPG'
Oxymycterus_nasutus,'Oxymycterus nasutus USNM 282160.JPG'
Oxymycterus_nasutus,'Oxymycterus nasutus USNM 460550.JPG'
Oxymycterus_nasutus,'Oxymycterus nasutus USNM 460551.JPG'
Oxymycterus_nasutus,'Oxymycterus nasutus USNM 461881.JPG'
Oxymycterus_nasutus,'Oxymycterus nasutus USNM 484394.JPG'
Oxymycterus_nasutus,'Oxymycterus nasutus USNM 484395.JPG'
Oxymycterus_nasutus,'Oxymycterus nasutus USNM 484396.JPG'
Oxymycterus_paramensis,'Oxymycterus paramensis FMNH 140811.JPG'
Oxymycterus_paramensis,'Oxymycterus paramensis FMNH 162837.JPG'
Oxymycterus_paramensis,'Oxymycterus paramensis FMNH 162839.JPG'
Oxymycterus_paramensis,'Oxymycterus paramensis FMNH 162841.JPG'
Oxymycterus_paramensis,'Oxymycterus paramensis FMNH 162845.JPG'
Oxymycterus_paramensis,'Oxymycterus paramensis FMNH 162851.JPG'
Oxymycterus_paramensis,'Oxymycterus paramensis FMNH 22234.JPG'
Oxymycterus_paramensis,'Oxymycterus paramensis FMNH 23316.JPG'
Oxymycterus_paramensis,'Oxymycterus paramensis FMNH 23319.JPG'
Oxymycterus_paramensis,'Oxymycterus paramensis FMNH 23320.JPG'
Oxymycterus_paramensis,'Oxymycterus paramensis FMNH 23322.JPG'
Oxymycterus_paramensis,'Oxymycterus paramensis FMNH 23324.JPG'
Oxymycterus_paramensis,'Oxymycterus paramensis FMNH 23325.JPG'
Oxymycterus_paramensis,'Oxymycterus paramensis FMNH 35251.JPG'
Oxymycterus_paramensis,'Oxymycterus paramensis FMNH 41280.JPG'
Oxymycterus_paramensis,'Oxymycterus paramensis FMNH 46151.JPG'
Oxymycterus_paramensis,'Oxymycterus paramensis FMNH 50985.JPG'
Oxymycterus_paramensis,'Oxymycterus paramensis FMNH 50986.JPG'
Oxymycterus_paramensis,'Oxymycterus paramensis FMNH 50987.JPG'
Oxymycterus_paramensis,'Oxymycterus paramensis FMNH 74892.JPG'
Oxymycterus_paramensis,'Oxymycterus paramensis FMNH 74893.JPG'
Oxymycterus_paramensis,'Oxymycterus paramensis FMNH 74894.JPG'
Oxymycterus_paramensis,'Oxymycterus paramensis FMNH 74895.JPG'
Oxymycterus_paramensis,'Oxymycterus paramensis FMNH 74896.JPG'
Oxymycterus_paramensis,'Oxymycterus paramensis FMNH 74898.JPG'
Oxymycterus_paramensis,'Oxymycterus paramensis FMNH 74899.JPG'
Oxymycterus_paramensis,'Oxymycterus paramensis FMNH 74900.JPG'
Oxymycterus_paramensis,'Oxymycterus paramensis FMNH 74901.JPG'
Oxymycterus_quaestor,'Oxymycterus delator FMNH 128320.JPG'
Oxymycterus_quaestor,'Oxymycterus delator FMNH 128321.JPG'
Oxymycterus_quaestor,'Oxymycterus delator FMNH 128322.JPG'
Oxymycterus_quaestor,'Oxymycterus delator FMNH 128323.JPG'
Oxymycterus_quaestor,'Oxymycterus delator FMNH 128324.JPG'
Oxymycterus_quaestor,'Oxymycterus quaestor FMNH 26586.JPG'
Oxymycterus_quaestor,'Oxymycterus quaestor FMNH 26587.JPG'
Oxymycterus_quaestor,'Oxymycterus quaestor FMNH 26595.JPG'
Oxymycterus_quaestor,'Oxymycterus quaestor FMNH 26754.JPG'
Oxymycterus_quaestor,'Oxymycterus quaestor FMNH 26757.JPG'
Oxymycterus_quaestor,'Oxymycterus quaestor FMNH 34377.JPG'
Oxymycterus_quaestor,'Oxymycterus quaestor FMNH 35354.JPG'
Oxymycterus_quaestor,'Oxymycterus quaestor USNM 462120.JPG'
Oxymycterus_quaestor,'Oxymycterus quaestor USNM 462123.JPG'
Oxymycterus_quaestor,'Oxymycterus quaestor USNM 484400.JPG'
Oxymycterus_quaestor,'Oxymycterus quaestor USNM 484401.JPG'
Oxymycterus_quaestor,'Oxymycterus quaestor USNM 484402.JPG'
Oxymycterus_quaestor,'Oxymycterus quaestor USNM 484404.JPG'
Oxymycterus_quaestor,'Oxymycterus quaestor USNM 484405.JPG'
Oxymycterus_rufus,'Oxymycterus rufus MN 65522.JPG'
Oxymycterus_rufus,'Oxymycterus rufus MN 65523.JPG'
Oxymycterus_rufus,'Oxymycterus rufus MN 65526.JPG'
Oxymycterus_rufus,'Oxymycterus rufus MN 65531.JPG'
Oxymycterus_rufus,'Oxymycterus rufus USNM 236328.JPG'
Oxymycterus_rufus,'Oxymycterus rufus USNM 309164.JPG'
Podoxymys_roraimae,'Podoxymys roraimae AMNH 75584.JPG'
Podoxymys_roraimae,'Podoxymys roraimae AMNH 75585.JPG'
Scapteromys_aquaticus,'Scapteromys aquaticus FMNH 98286.JPG'
Scapteromys_aquaticus,'Scapteromys aquaticus FMNH 98287.JPG'
Scapteromys_aquaticus,'Scapteromys aquaticus FMNH 98288.JPG'
Scapteromys_aquaticus,'Scapteromys aquaticus FMNH 98289.JPG'
Scapteromys_tumidus,'Scapteromys tumidus AMNH 206209.JPG'
Scapteromys_tumidus,'Scapteromys tumidus AMNH 206220.JPG'
Scapteromys_tumidus,'Scapteromys tumidus AMNH 206221.JPG'
Scapteromys_tumidus,'Scapteromys tumidus AMNH 206222.JPG'
Scapteromys_tumidus,'Scapteromys tumidus AMNH 206230.JPG'
Scapteromys_tumidus,'Scapteromys tumidus AMNH 206231.JPG'
Scapteromys_tumidus,'Scapteromys tumidus AMNH 206240.JPG'
Scapteromys_tumidus,'Scapteromys tumidus AMNH 206247.JPG'
Scapteromys_tumidus,'Scapteromys tumidus AMNH 206248.JPG'
Scapteromys_tumidus,'Scapteromys tumidus AMNH 206261.JPG'
Scapteromys_tumidus,'Scapteromys tumidus AMNH 206267.JPG'
Scapteromys_tumidus,'Scapteromys tumidus AMNH 206272.JPG'
Scapteromys_tumidus,'Scapteromys tumidus AMNH 206278.JPG'
Scapteromys_tumidus,'Scapteromys tumidus AMNH 206280.JPG'
Scapteromys_tumidus,'Scapteromys tumidus AMNH 235431.JPG'
Scapteromys_tumidus,'Scapteromys tumidus AMNH 235432.JPG'
Scapteromys_tumidus,'Scapteromys tumidus AMNH 235433.JPG'
Scapteromys_tumidus,'Scapteromys tumidus MN 62304.JPG'
Scapteromys_tumidus,'Scapteromys tumidus MN 62305.JPG'
Scapteromys_tumidus,'Scapteromys tumidus MN 62308.JPG'
Scapteromys_tumidus,'Scapteromys tumidus MN 62309.JPG'
Scapteromys_tumidus,'Scapteromys tumidus MN 62310.JPG'
Scapteromys_tumidus,'Scapteromys tumidus MN 62312.JPG'
Thalpomys_cerradensis,'Thalpomys cerradensis FMNH 128328.JPG'
Thalpomys_lasiotis,'Thalpomys lasiotis FMNH 128326.JPG'
Thalpomys_lasiotis,'Thalpomys lasiotis FMNH 128327.JPG'
Thaptomys_nigrita,'Thaptomys nigrita FMNH 220012.JPG'
Thaptomys_nigrita,'Thaptomys nigrita FMNH 230387.JPG'
Thaptomys_nigrita,'Thaptomys nigrita FMNH 230388.JPG'
Thaptomys_nigrita,'Thaptomys nigrita FMNH 230389.JPG'
Thaptomys_nigrita,'Thaptomys nigrita FMNH 230390.JPG'
Thaptomys_nigrita,'Thaptomys nigrita FMNH 26820.JPG'
Thaptomys_nigrita,'Thaptomys nigrita FMNH 47952.JPG'
Thaptomys_nigrita,'Thaptomys nigrita USNM 460539.JPG'
Thaptomys_nigrita,'Thaptomys nigrita USNM 460541.JPG'
Thaptomys_nigrita,'Thaptomys nigrita USNM 484233.JPG'
Thaptomys_nigrita,'Thaptomys nigrita USNM 484234.JPG'
Thaptomys_nigrita,'Thaptomys nigrita USNM 484235.JPG'
Thaptomys_nigrita,'Thaptomys nigrita USNM 484236.JPG'
Thaptomys_nigrita,'Thaptomys nigrita USNM 484237.JPG'
Thaptomys_nigrita,'Thaptomys nigrita USNM 484239.JPG'
Thaptomys_nigrita,'Thaptomys nigrita USNM 484240.JPG'
Thaptomys_nigrita,'Thaptomys nigrita USNM 484241.JPG'
Thaptomys_nigrita,'Thaptomys nigrita USNM 484243.JPG'
Thaptomys_nigrita,'Thaptomys nigrita USNM 484244.JPG'
Thaptomys_nigrita,'Thaptomys nigrita USNM 484245.JPG'
